{"stats":{"minecraft:crafted":{"minecraft:oak_planks":16,"minecraft:furnace":1,"minecraft:stone_pickaxe":2,"minecraft:emerald":2,"minecraft:crafting_table":1,"minecraft:wooden_pickaxe":1,"minecraft:air":0,"minecraft:stick":8,"minecraft:iron_pickaxe":1,"minecraft:white_bed":1},"minecraft:used":{"minecraft:spruce_slab":1,"minecraft:oak_sign":1,"jujutsucraft:clothes_jogo_chestplate":1,"minecraft:dirt":1,"minecraft:soul_sand":1,"minecraft:quartz_block":1,"jujutsucraft:clothes_hakari_kinji_leggings":1,"minecraft:bow":32,"minecraft:furnace":1,"minecraft:egg":3,"jujutsucraft:clothes_jogo_helmet":1,"minecraft:stone_pickaxe":60,"minecraft:oak_planks":2,"minecraft:wooden_pickaxe":13,"jujutsucraft:uniform_normal_boots":2,"minecraft:crafting_table":4,"minecraft:white_bed":5,"jujutsucraft:clothes_hakari_kinji_chestplate":1,"jujutsucraft:uniform_normal_chestplate":2,"minecraft:oak_log":2,"jujutsucraft:sword_okkotsu_yuta":1,"minecraft:iron_pickaxe":6,"minecraft:gravel":5,"jujutsucraft:naginata":3,"minecraft:soul_lantern":1,"jujutsucraft:uniform_normal_leggings":1,"minecraft:dandelion":1},"minecraft:dropped":{"minecraft:vine":32,"minecraft:porkchop":32,"minecraft:wheat_seeds":3,"minecraft:birch_leaves":2,"jujutsucraft:clothes_jogo_helmet":1,"jujutsucraftaddon:random_ct_changer":1,"minecraft:feather":6,"minecraft:lantern":1,"minecraft:apple":2,"minecraft:leather":11,"minecraft:grass_block":13,"minecraft:dirt":55,"minecraft:mutton":14,"jujutsucraftaddon:clan_changer":1,"epicfight:stone_greatsword":1,"minecraft:sand":1,"minecraft:string":9,"minecraft:white_wool":11,"minecraft:spruce_sapling":1,"minecraft:bone":22,"minecraft:gravel":1,"minecraft:sweet_berries":2,"jujutsucraft:uniform_normal_leggings":3,"minecraft:raw_copper":38,"minecraft:soul_lantern":1,"minecraft:raw_iron":1,"jujutsucraft:cursed_technique_changer":1,"minecraft:chicken":4,"minecraft:rotten_flesh":32,"jujutsucraft:sword_okkotsu_yuta":1,"jujutsucraft:naginata":3,"jujutsucraft:uniform_normal_chestplate":2,"minecraft:gunpowder":9,"jujutsucraft:sword_ogi":1,"minecraft:oak_sapling":5,"minecraft:spider_eye":3,"jujutsucraft:clothes_kusakabe_chestplate":3,"minecraft:arrow":26,"jujutsucraft:uniform_normal_helmet":2,"minecraft:bow":2,"minecraft:stone_pickaxe":1,"minecraft:beef":44,"jujutsucraft:uniform_normal_boots":2,"jujutsucraftaddon:race_changer":1,"jujutsucraft:clothes_jogo_chestplate":1,"jujutsucraft:g_staff":1},"minecraft:killed":{"jujutsucraft:cursed_spirit_grade_33":3,"jujutsucraft:cursed_spirit_grade_31":9,"minecraft:spider":12,"jujutsucraft:cursed_spirit_grade_316":1,"jujutsucraft:transfigured_human_2":1,"minecraft:skeleton":24,"minecraft:horse":3,"jujutsucraft:cursed_spirit_grade_313":1,"minecraft:bee":1,"minecraft:chicken":19,"minecraft:drowned":2,"jujutsucraft:cursed_spirit_grade_317":9,"jujutsucraft:cursed_spirit_grade_34":1,"minecraft:pig":29,"minecraft:zombie_villager":1,"minecraft:salmon":6,"minecraft:creeper":12,"minecraft:squid":1,"jujutsucraft:cursed_spirit_grade_321":2,"minecraft:sheep":22,"jujutsucraft:cursed_spirit_grade_314":3,"minecraft:zombie":21,"jujutsucraft:crow":2,"jujutsucraft:cursed_spirit_grade_310":1,"jujutsucraft:cursed_spirit_grade_36":2,"jujutsucraft:cursed_spirit_grade_315":4,"jujutsucraft:cursed_spirit_grade_319":3,"minecraft:villager":3,"minecraft:cow":20},"minecraft:picked_up":{"minecraft:crafting_table":4,"minecraft:chicken":9,"jujutsucraft:cursed_technique_changer":2,"minecraft:string":11,"minecraft:raw_copper":38,"minecraft:oak_sign":1,"minecraft:beef":44,"minecraft:spruce_slab":1,"minecraft:furnace":1,"minecraft:egg":3,"minecraft:stick":3,"minecraft:raw_iron":7,"jujutsucraft:uniform_normal_helmet":1,"minecraft:copper_ingot":1,"minecraft:porkchop":32,"minecraft:vine":32,"minecraft:quartz_block":1,"minecraft:arrow":29,"minecraft:rotten_flesh":36,"jujutsucraft:naginata":3,"minecraft:mutton":17,"minecraft:white_wool":14,"minecraft:cobblestone":21,"jujutsucraft:clothes_kusakabe_chestplate":3,"minecraft:birch_leaves":2,"minecraft:feather":12,"minecraft:leather":23,"minecraft:oak_log":6,"minecraft:gunpowder":13,"jujutsucraftaddon:race_changer":2,"minecraft:dirt":56,"minecraft:lantern":1,"jujutsucraft:uniform_normal_leggings":2,"jujutsucraft:clothes_hakari_kinji_chestplate":1,"minecraft:bone":26,"jujutsucraft:itadori_arm":2,"minecraft:apple":2,"minecraft:bow":2,"minecraft:wheat_seeds":3,"minecraft:iron_ingot":3,"minecraft:glowstone_dust":2,"minecraft:soul_sand":1,"jujutsucraft:clothes_hakari_kinji_leggings":1,"epicfight:stone_greatsword":1,"minecraft:sweet_berries":2,"minecraft:dandelion":1,"minecraft:gravel":6,"minecraft:sand":1,"jujutsucraft:uniform_normal_chestplate":1,"minecraft:spruce_sapling":1,"minecraft:white_bed":5,"minecraft:grass_block":13,"minecraft:spider_eye":3,"minecraft:diamond":3,"minecraft:soul_lantern":3,"minecraft:grass":1,"minecraft:oak_sapling":5,"minecraft:coal":26},"minecraft:mined":{"minecraft:diamond_ore":3,"minecraft:white_bed":4,"minecraft:grass_block":1,"minecraft:spruce_leaves":6,"minecraft:oak_wall_sign":1,"minecraft:furnace":1,"minecraft:iron_ore":7,"minecraft:fire":8,"minecraft:stone":21,"minecraft:spruce_slab":1,"minecraft:quartz_block":1,"minecraft:soul_sand":1,"minecraft:dandelion":1,"minecraft:soul_lantern":2,"minecraft:crafting_table":4,"minecraft:tall_grass":3,"minecraft:copper_ore":10,"minecraft:iron_door":1,"minecraft:sweet_berry_bush":1,"minecraft:grass":13,"minecraft:oak_log":6,"minecraft:coal_ore":26,"minecraft:gravel":5,"minecraft:oak_leaves":1,"minecraft:fern":1},"minecraft:killed_by":{"jujutsucraft:cursed_spirit_grade_35":1,"jujutsucraft:curse_user":1,"jujutsucraft:gojo_satoru":1,"jujutsucraft:inumaki_toge":1,"jujutsucraft:negi_toshihisa":1,"jujutsucraft:jujutsu_sorcerer":1},"minecraft:custom":{"minecraft:inspect_dropper":1,"minecraft:mob_kills":221,"minecraft:interact_with_crafting_table":8,"minecraft:open_barrel":13,"minecraft:damage_dealt_resisted":3683,"minecraft:leave_game":5,"minecraft:time_since_death":18390,"minecraft:climb_one_cm":6807,"minecraft:damage_resisted":247,"minecraft:sprint_one_cm":1063986,"minecraft:walk_one_cm":851579,"minecraft:drop":200,"minecraft:talked_to_villager":6,"minecraft:play_time":195163,"minecraft:deaths":10,"minecraft:sneak_time":953,"minecraft:walk_under_water_one_cm":22714,"minecraft:jump":2419,"minecraft:walk_on_water_one_cm":29607,"minecraft:total_world_time":195163,"minecraft:interact_with_furnace":6,"minecraft:traded_with_villager":2,"minecraft:sleep_in_bed":5,"minecraft:time_since_rest":18509,"minecraft:damage_taken":6235,"minecraft:trigger_trapped_chest":5,"minecraft:damage_dealt":195,"minecraft:swim_one_cm":20065,"minecraft:fly_one_cm":716598,"minecraft:open_chest":70,"minecraft:crouch_one_cm":2286,"minecraft:fall_one_cm":63883}},"DataVersion":3465}