{"stats":{"minecraft:crafted":{"minecraft:oak_planks":16,"minecraft:crafting_table":1,"minecraft:wooden_pickaxe":1,"minecraft:furnace":1,"minecraft:stick":8,"minecraft:stone_pickaxe":1,"minecraft:white_bed":1},"minecraft:used":{"minecraft:stone_pickaxe":50,"minecraft:wooden_pickaxe":10,"jujutsucraft:uniform_normal_boots":1,"minecraft:dirt":1,"minecraft:crafting_table":3,"minecraft:white_bed":3,"jujutsucraft:uniform_normal_chestplate":2,"jujutsucraft:naginata":3,"jujutsucraft:uniform_normal_leggings":1,"minecraft:egg":1},"minecraft:dropped":{"minecraft:raw_copper":38,"jujutsucraftaddon:random_ct_changer":1,"jujutsucraft:naginata":1,"jujutsucraftaddon:clan_changer":1,"minecraft:beef":6,"minecraft:white_wool":4},"minecraft:killed":{"jujutsucraft:cursed_spirit_grade_31":8,"minecraft:zombie_villager":1,"minecraft:spider":6,"minecraft:creeper":5,"minecraft:sheep":9,"minecraft:skeleton":9,"jujutsucraft:cursed_spirit_grade_313":1,"jujutsucraft:cursed_spirit_grade_314":1,"minecraft:zombie":3,"jujutsucraft:crow":1,"minecraft:bee":1,"minecraft:chicken":3,"jujutsucraft:cursed_spirit_grade_317":5,"jujutsucraft:cursed_spirit_grade_319":1,"minecraft:cow":15},"minecraft:picked_up":{"jujutsucraft:clothes_kusakabe_chestplate":1,"minecraft:crafting_table":3,"minecraft:feather":2,"minecraft:chicken":2,"minecraft:leather":14,"minecraft:oak_log":4,"minecraft:gunpowder":5,"minecraft:dirt":1,"minecraft:string":5,"minecraft:raw_copper":38,"minecraft:bone":8,"minecraft:wheat_seeds":1,"minecraft:beef":30,"minecraft:egg":1,"minecraft:raw_iron":1,"minecraft:white_bed":3,"minecraft:spider_eye":2,"jujutsucraft:naginata":2,"minecraft:arrow":7,"minecraft:rotten_flesh":5,"minecraft:mutton":8,"minecraft:coal":26,"minecraft:white_wool":8,"minecraft:cobblestone":21},"minecraft:mined":{"minecraft:white_bed":2,"minecraft:crafting_table":3,"minecraft:grass_block":1,"minecraft:copper_ore":10,"minecraft:spruce_leaves":3,"minecraft:iron_ore":1,"minecraft:grass":1,"minecraft:coal_ore":26,"minecraft:oak_log":4,"minecraft:stone":21,"minecraft:oak_leaves":1},"minecraft:killed_by":{"jujutsucraft:cursed_spirit_grade_35":1,"jujutsucraft:negi_toshihisa":1,"jujutsucraft:jujutsu_sorcerer":1},"minecraft:custom":{"minecraft:mob_kills":69,"minecraft:interact_with_crafting_table":4,"minecraft:damage_dealt_resisted":1283,"minecraft:time_since_death":263,"minecraft:sleep_in_bed":3,"minecraft:time_since_rest":340,"minecraft:sprint_one_cm":306331,"minecraft:damage_taken":1915,"minecraft:walk_one_cm":397561,"minecraft:drop":11,"minecraft:damage_dealt":10,"minecraft:swim_one_cm":7848,"minecraft:fly_one_cm":77631,"minecraft:crouch_one_cm":1263,"minecraft:play_time":64978,"minecraft:deaths":3,"minecraft:sneak_time":574,"minecraft:walk_under_water_one_cm":4441,"minecraft:jump":459,"minecraft:walk_on_water_one_cm":11081,"minecraft:total_world_time":64978,"minecraft:fall_one_cm":12120}},"DataVersion":3465}