{"stats":{"minecraft:crafted":{"minecraft:oak_planks":16,"minecraft:furnace":1,"minecraft:stone_pickaxe":2,"minecraft:emerald":2,"minecraft:crafting_table":1,"minecraft:wooden_pickaxe":1,"minecraft:air":0,"minecraft:stick":8,"minecraft:iron_pickaxe":1,"minecraft:white_bed":1},"minecraft:used":{"minecraft:spruce_slab":1,"minecraft:oak_sign":1,"jujutsucraft:clothes_jogo_chestplate":1,"minecraft:dirt":1,"minecraft:soul_sand":1,"minecraft:quartz_block":1,"jujutsucraft:clothes_hakari_kinji_leggings":1,"minecraft:bow":32,"minecraft:furnace":1,"minecraft:egg":3,"jujutsucraft:clothes_jogo_helmet":1,"minecraft:stone_pickaxe":60,"minecraft:oak_planks":2,"minecraft:wooden_pickaxe":13,"jujutsucraft:uniform_normal_boots":2,"minecraft:crafting_table":4,"minecraft:white_bed":5,"jujutsucraft:clothes_hakari_kinji_chestplate":1,"jujutsucraft:uniform_normal_chestplate":2,"minecraft:oak_log":2,"jujutsucraft:sword_okkotsu_yuta":1,"minecraft:iron_pickaxe":5,"minecraft:gravel":5,"jujutsucraft:naginata":3,"minecraft:soul_lantern":1,"jujutsucraft:uniform_normal_leggings":1,"minecraft:dandelion":1},"minecraft:dropped":{"minecraft:vine":32,"minecraft:porkchop":14,"minecraft:wheat_seeds":3,"minecraft:birch_leaves":2,"jujutsucraft:clothes_jogo_helmet":1,"jujutsucraftaddon:random_ct_changer":1,"minecraft:feather":6,"minecraft:lantern":1,"minecraft:apple":2,"minecraft:leather":11,"minecraft:grass_block":13,"minecraft:dirt":55,"minecraft:mutton":14,"jujutsucraftaddon:clan_changer":1,"minecraft:sand":1,"minecraft:string":9,"minecraft:white_wool":9,"minecraft:spruce_sapling":1,"minecraft:bone":22,"minecraft:gravel":1,"minecraft:sweet_berries":2,"jujutsucraft:uniform_normal_leggings":3,"minecraft:raw_copper":38,"minecraft:soul_lantern":1,"minecraft:raw_iron":1,"jujutsucraft:cursed_technique_changer":1,"minecraft:chicken":4,"minecraft:rotten_flesh":32,"jujutsucraft:sword_okkotsu_yuta":1,"jujutsucraft:naginata":3,"jujutsucraft:uniform_normal_chestplate":2,"minecraft:gunpowder":9,"jujutsucraft:sword_ogi":1,"minecraft:oak_sapling":5,"minecraft:spider_eye":3,"jujutsucraft:clothes_kusakabe_chestplate":3,"minecraft:arrow":23,"jujutsucraft:uniform_normal_helmet":2,"minecraft:bow":2,"minecraft:stone_pickaxe":1,"minecraft:beef":44,"jujutsucraft:uniform_normal_boots":2,"jujutsucraftaddon:race_changer":1,"jujutsucraft:clothes_jogo_chestplate":1,"jujutsucraft:g_staff":1},"minecraft:killed":{"jujutsucraft:cursed_spirit_grade_33":1,"jujutsucraft:cursed_spirit_grade_31":9,"minecraft:spider":9,"jujutsucraft:cursed_spirit_grade_316":1,"minecraft:skeleton":19,"minecraft:horse":3,"jujutsucraft:cursed_spirit_grade_313":1,"minecraft:bee":1,"minecraft:chicken":7,"minecraft:drowned":2,"jujutsucraft:cursed_spirit_grade_317":5,"jujutsucraft:cursed_spirit_grade_34":1,"minecraft:pig":4,"minecraft:zombie_villager":1,"minecraft:salmon":6,"minecraft:creeper":10,"minecraft:squid":1,"jujutsucraft:cursed_spirit_grade_321":2,"minecraft:sheep":16,"jujutsucraft:cursed_spirit_grade_314":2,"minecraft:zombie":16,"jujutsucraft:crow":2,"jujutsucraft:cursed_spirit_grade_315":2,"jujutsucraft:cursed_spirit_grade_319":1,"minecraft:villager":3,"minecraft:cow":20},"minecraft:picked_up":{"minecraft:crafting_table":4,"minecraft:chicken":4,"jujutsucraft:cursed_technique_changer":2,"minecraft:string":9,"minecraft:raw_copper":38,"minecraft:oak_sign":1,"minecraft:beef":44,"minecraft:spruce_slab":1,"minecraft:furnace":1,"minecraft:egg":3,"minecraft:stick":3,"minecraft:raw_iron":7,"jujutsucraft:uniform_normal_helmet":1,"minecraft:copper_ingot":1,"minecraft:porkchop":14,"minecraft:vine":32,"minecraft:quartz_block":1,"minecraft:arrow":27,"minecraft:rotten_flesh":32,"jujutsucraft:naginata":3,"minecraft:mutton":14,"minecraft:white_wool":12,"minecraft:cobblestone":21,"jujutsucraft:clothes_kusakabe_chestplate":3,"minecraft:birch_leaves":2,"minecraft:feather":6,"minecraft:leather":23,"minecraft:oak_log":6,"minecraft:gunpowder":9,"jujutsucraftaddon:race_changer":2,"minecraft:dirt":56,"minecraft:lantern":1,"jujutsucraft:uniform_normal_leggings":2,"jujutsucraft:clothes_hakari_kinji_chestplate":1,"minecraft:bone":22,"jujutsucraft:itadori_arm":2,"minecraft:apple":2,"minecraft:bow":2,"minecraft:wheat_seeds":3,"minecraft:iron_ingot":3,"minecraft:glowstone_dust":2,"minecraft:soul_sand":1,"jujutsucraft:clothes_hakari_kinji_leggings":1,"minecraft:sweet_berries":2,"minecraft:dandelion":1,"minecraft:gravel":6,"minecraft:sand":1,"jujutsucraft:uniform_normal_chestplate":1,"minecraft:spruce_sapling":1,"minecraft:white_bed":5,"minecraft:grass_block":13,"minecraft:spider_eye":3,"minecraft:diamond":3,"minecraft:soul_lantern":3,"minecraft:oak_sapling":5,"minecraft:coal":26},"minecraft:mined":{"minecraft:diamond_ore":3,"minecraft:white_bed":4,"minecraft:grass_block":1,"minecraft:spruce_leaves":6,"minecraft:oak_wall_sign":1,"minecraft:furnace":1,"minecraft:iron_ore":7,"minecraft:fire":8,"minecraft:stone":21,"minecraft:spruce_slab":1,"minecraft:quartz_block":1,"minecraft:soul_sand":1,"minecraft:dandelion":1,"minecraft:soul_lantern":2,"minecraft:crafting_table":4,"minecraft:tall_grass":3,"minecraft:copper_ore":10,"minecraft:sweet_berry_bush":1,"minecraft:grass":13,"minecraft:oak_log":6,"minecraft:coal_ore":26,"minecraft:gravel":5,"minecraft:oak_leaves":1,"minecraft:fern":1},"minecraft:killed_by":{"jujutsucraft:cursed_spirit_grade_35":1,"jujutsucraft:curse_user":1,"jujutsucraft:gojo_satoru":1,"jujutsucraft:inumaki_toge":1,"jujutsucraft:negi_toshihisa":1,"jujutsucraft:jujutsu_sorcerer":1},"minecraft:custom":{"minecraft:inspect_dropper":1,"minecraft:mob_kills":146,"minecraft:interact_with_crafting_table":8,"minecraft:open_barrel":13,"minecraft:damage_dealt_resisted":2042,"minecraft:leave_game":5,"minecraft:time_since_death":6390,"minecraft:climb_one_cm":6807,"minecraft:sprint_one_cm":937554,"minecraft:walk_one_cm":796368,"minecraft:drop":195,"minecraft:talked_to_villager":6,"minecraft:play_time":183163,"minecraft:deaths":10,"minecraft:sneak_time":953,"minecraft:walk_under_water_one_cm":22714,"minecraft:jump":2177,"minecraft:walk_on_water_one_cm":29607,"minecraft:total_world_time":183163,"minecraft:interact_with_furnace":6,"minecraft:traded_with_villager":2,"minecraft:sleep_in_bed":5,"minecraft:time_since_rest":6509,"minecraft:damage_taken":5812,"minecraft:trigger_trapped_chest":5,"minecraft:damage_dealt":195,"minecraft:swim_one_cm":20065,"minecraft:fly_one_cm":648261,"minecraft:open_chest":70,"minecraft:crouch_one_cm":2286,"minecraft:fall_one_cm":58563}},"DataVersion":3465}