{"stats":{"minecraft:crafted":{"minecraft:oak_planks":16,"minecraft:emerald":2,"minecraft:crafting_table":1,"minecraft:wooden_pickaxe":1,"minecraft:furnace":1,"minecraft:air":0,"minecraft:stick":8,"minecraft:stone_pickaxe":1,"minecraft:white_bed":1},"minecraft:used":{"jujutsucraft:clothes_jogo_helmet":1,"minecraft:spruce_slab":1,"minecraft:stone_pickaxe":55,"minecraft:oak_planks":2,"minecraft:wooden_pickaxe":13,"jujutsucraft:uniform_normal_boots":2,"jujutsucraft:clothes_jogo_chestplate":1,"minecraft:soul_sand":1,"minecraft:dirt":1,"minecraft:crafting_table":3,"minecraft:white_bed":3,"jujutsucraft:clothes_hakari_kinji_chestplate":1,"jujutsucraft:uniform_normal_chestplate":2,"minecraft:oak_log":2,"jujutsucraft:sword_okkotsu_yuta":1,"minecraft:quartz_block":1,"minecraft:gravel":5,"jujutsucraft:naginata":3,"minecraft:soul_lantern":1,"jujutsucraft:clothes_hakari_kinji_leggings":1,"jujutsucraft:uniform_normal_leggings":1,"minecraft:egg":3,"minecraft:dandelion":1},"minecraft:killed":{"jujutsucraft:cursed_spirit_grade_31":9,"minecraft:pig":4,"minecraft:salmon":6,"minecraft:zombie_villager":1,"minecraft:spider":7,"minecraft:creeper":7,"minecraft:squid":1,"minecraft:horse":3,"minecraft:sheep":16,"minecraft:skeleton":12,"jujutsucraft:cursed_spirit_grade_313":1,"jujutsucraft:cursed_spirit_grade_314":1,"minecraft:zombie":6,"jujutsucraft:crow":2,"minecraft:bee":1,"minecraft:chicken":6,"jujutsucraft:cursed_spirit_grade_317":5,"jujutsucraft:cursed_spirit_grade_315":2,"jujutsucraft:cursed_spirit_grade_319":1,"minecraft:villager":3,"minecraft:cow":20},"minecraft:picked_up":{"jujutsucraft:clothes_kusakabe_chestplate":3,"minecraft:crafting_table":3,"minecraft:feather":6,"minecraft:chicken":4,"minecraft:leather":23,"jujutsucraft:cursed_technique_changer":2,"minecraft:oak_log":6,"minecraft:gunpowder":6,"jujutsucraftaddon:race_changer":2,"minecraft:dirt":1,"minecraft:string":5,"minecraft:lantern":1,"jujutsucraft:uniform_normal_leggings":2,"minecraft:raw_copper":38,"jujutsucraft:clothes_hakari_kinji_chestplate":1,"minecraft:bone":13,"minecraft:bow":1,"minecraft:wheat_seeds":1,"minecraft:beef":44,"minecraft:spruce_slab":1,"minecraft:glowstone_dust":2,"minecraft:soul_sand":1,"minecraft:egg":3,"jujutsucraft:clothes_hakari_kinji_leggings":1,"minecraft:raw_iron":1,"jujutsucraft:uniform_normal_helmet":1,"minecraft:sweet_berries":2,"minecraft:dandelion":1,"minecraft:gravel":6,"minecraft:porkchop":14,"jujutsucraft:uniform_normal_chestplate":1,"minecraft:spruce_sapling":1,"minecraft:white_bed":3,"minecraft:spider_eye":2,"minecraft:quartz_block":1,"minecraft:arrow":14,"jujutsucraft:naginata":3,"minecraft:rotten_flesh":12,"minecraft:soul_lantern":2,"minecraft:mutton":14,"minecraft:coal":26,"minecraft:white_wool":12,"minecraft:cobblestone":21},"minecraft:dropped":{"minecraft:gravel":1,"minecraft:sweet_berries":2,"minecraft:porkchop":14,"minecraft:wheat_seeds":1,"jujutsucraft:uniform_normal_leggings":3,"minecraft:raw_copper":38,"jujutsucraft:clothes_jogo_helmet":1,"jujutsucraftaddon:random_ct_changer":1,"jujutsucraft:cursed_technique_changer":1,"minecraft:chicken":4,"minecraft:feather":4,"minecraft:rotten_flesh":10,"minecraft:leather":11,"jujutsucraft:naginata":3,"jujutsucraft:uniform_normal_chestplate":2,"minecraft:gunpowder":6,"minecraft:mutton":14,"jujutsucraftaddon:clan_changer":1,"minecraft:spider_eye":2,"jujutsucraft:clothes_kusakabe_chestplate":3,"jujutsucraft:uniform_normal_helmet":2,"minecraft:beef":44,"jujutsucraft:uniform_normal_boots":2,"jujutsucraftaddon:race_changer":1,"jujutsucraft:clothes_jogo_chestplate":1,"minecraft:white_wool":8,"minecraft:spruce_sapling":1,"minecraft:bone":13},"minecraft:mined":{"minecraft:white_bed":2,"minecraft:quartz_block":1,"minecraft:soul_sand":1,"minecraft:dandelion":1,"minecraft:soul_lantern":2,"minecraft:crafting_table":3,"minecraft:grass_block":1,"minecraft:tall_grass":3,"minecraft:copper_ore":10,"minecraft:spruce_leaves":6,"minecraft:sweet_berry_bush":1,"minecraft:fire":8,"minecraft:iron_ore":1,"minecraft:grass":7,"minecraft:oak_log":6,"minecraft:coal_ore":26,"minecraft:gravel":5,"minecraft:stone":21,"minecraft:fern":1,"minecraft:spruce_slab":1,"minecraft:oak_leaves":1},"minecraft:killed_by":{"jujutsucraft:cursed_spirit_grade_35":1,"jujutsucraft:inumaki_toge":1,"jujutsucraft:negi_toshihisa":1,"jujutsucraft:curse_user":1,"jujutsucraft:jujutsu_sorcerer":1},"minecraft:custom":{"minecraft:inspect_dropper":1,"minecraft:mob_kills":114,"minecraft:traded_with_villager":2,"minecraft:open_barrel":13,"minecraft:interact_with_crafting_table":4,"minecraft:damage_dealt_resisted":1765,"minecraft:leave_game":5,"minecraft:time_since_death":2464,"minecraft:sleep_in_bed":4,"minecraft:climb_one_cm":4178,"minecraft:time_since_rest":2043,"minecraft:sprint_one_cm":776167,"minecraft:damage_taken":3396,"minecraft:walk_one_cm":619151,"minecraft:drop":90,"minecraft:damage_dealt":162,"minecraft:swim_one_cm":16363,"minecraft:talked_to_villager":6,"minecraft:fly_one_cm":368355,"minecraft:open_chest":56,"minecraft:play_time":138978,"minecraft:crouch_one_cm":1647,"minecraft:sneak_time":802,"minecraft:deaths":5,"minecraft:walk_under_water_one_cm":8800,"minecraft:jump":1550,"minecraft:walk_on_water_one_cm":20649,"minecraft:total_world_time":138978,"minecraft:fall_one_cm":34729}},"DataVersion":3465}