{"stats":{"minecraft:crafted":{"minecraft:oak_planks":16},"minecraft:used":{"jujutsucraft:uniform_normal_boots":1,"jujutsucraft:uniform_normal_chestplate":2,"jujutsucraft:uniform_normal_leggings":1},"minecraft:dropped":{"jujutsucraftaddon:random_ct_changer":1},"minecraft:picked_up":{"jujutsucraft:clothes_kusakabe_chestplate":1,"minecraft:oak_log":4,"jujutsucraft:naginata":1},"minecraft:mined":{"minecraft:oak_log":4},"minecraft:custom":{"minecraft:jump":11,"minecraft:time_since_rest":16978,"minecraft:damage_taken":52,"minecraft:sprint_one_cm":611,"minecraft:play_time":16978,"minecraft:time_since_death":16978,"minecraft:walk_one_cm":16680,"minecraft:total_world_time":16978,"minecraft:fly_one_cm":842,"minecraft:drop":1,"minecraft:fall_one_cm":538}},"DataVersion":3465}