{"stats":{"minecraft:crafted":{"minecraft:oak_planks":16,"minecraft:crafting_table":1,"minecraft:wooden_pickaxe":1,"minecraft:furnace":1,"minecraft:stick":8,"minecraft:stone_pickaxe":1,"minecraft:white_bed":1},"minecraft:used":{"minecraft:stone_pickaxe":51,"minecraft:oak_planks":2,"minecraft:wooden_pickaxe":10,"jujutsucraft:uniform_normal_boots":1,"minecraft:soul_sand":1,"minecraft:dirt":1,"minecraft:crafting_table":3,"minecraft:white_bed":3,"jujutsucraft:uniform_normal_chestplate":2,"minecraft:oak_log":2,"jujutsucraft:naginata":3,"jujutsucraft:uniform_normal_leggings":1,"minecraft:egg":1},"minecraft:dropped":{"minecraft:raw_copper":38,"jujutsucraftaddon:random_ct_changer":1,"minecraft:chicken":2,"minecraft:rotten_flesh":10,"jujutsucraft:naginata":1,"minecraft:gunpowder":1,"minecraft:mutton":8,"jujutsucraftaddon:clan_changer":1,"minecraft:spider_eye":2,"minecraft:beef":30,"minecraft:white_wool":4},"minecraft:killed":{"jujutsucraft:cursed_spirit_grade_31":9,"minecraft:zombie_villager":1,"minecraft:spider":7,"minecraft:creeper":6,"minecraft:sheep":9,"minecraft:skeleton":10,"jujutsucraft:cursed_spirit_grade_314":1,"jujutsucraft:cursed_spirit_grade_313":1,"minecraft:zombie":3,"jujutsucraft:crow":1,"minecraft:bee":1,"minecraft:chicken":3,"jujutsucraft:cursed_spirit_grade_317":5,"jujutsucraft:cursed_spirit_grade_315":2,"jujutsucraft:cursed_spirit_grade_319":1,"minecraft:cow":15},"minecraft:picked_up":{"jujutsucraft:clothes_kusakabe_chestplate":1,"minecraft:crafting_table":3,"minecraft:feather":2,"minecraft:chicken":2,"minecraft:leather":14,"minecraft:oak_log":6,"minecraft:gunpowder":6,"minecraft:dirt":1,"minecraft:string":5,"minecraft:raw_copper":38,"minecraft:bone":13,"minecraft:wheat_seeds":1,"minecraft:beef":30,"minecraft:glowstone_dust":2,"minecraft:soul_sand":1,"minecraft:egg":1,"minecraft:raw_iron":1,"minecraft:white_bed":3,"minecraft:spider_eye":2,"minecraft:rotten_flesh":10,"minecraft:arrow":12,"jujutsucraft:naginata":2,"minecraft:mutton":8,"minecraft:coal":26,"minecraft:white_wool":8,"minecraft:cobblestone":21},"minecraft:mined":{"minecraft:white_bed":2,"minecraft:soul_sand":1,"minecraft:crafting_table":3,"minecraft:grass_block":1,"minecraft:copper_ore":10,"minecraft:spruce_leaves":3,"minecraft:iron_ore":1,"minecraft:grass":1,"minecraft:oak_log":6,"minecraft:coal_ore":26,"minecraft:stone":21,"minecraft:oak_leaves":1},"minecraft:killed_by":{"jujutsucraft:cursed_spirit_grade_35":1,"jujutsucraft:inumaki_toge":1,"jujutsucraft:negi_toshihisa":1,"jujutsucraft:jujutsu_sorcerer":1},"minecraft:custom":{"minecraft:mob_kills":75,"minecraft:interact_with_crafting_table":4,"minecraft:damage_dealt_resisted":1645,"minecraft:leave_game":1,"minecraft:time_since_death":6295,"minecraft:sleep_in_bed":3,"minecraft:time_since_rest":6331,"minecraft:sprint_one_cm":353723,"minecraft:damage_taken":2668,"minecraft:walk_one_cm":456716,"minecraft:drop":22,"minecraft:damage_dealt":10,"minecraft:swim_one_cm":9748,"minecraft:fly_one_cm":88210,"minecraft:crouch_one_cm":1428,"minecraft:play_time":73101,"minecraft:deaths":4,"minecraft:sneak_time":604,"minecraft:walk_under_water_one_cm":6046,"minecraft:jump":533,"minecraft:walk_on_water_one_cm":11539,"minecraft:total_world_time":73101,"minecraft:fall_one_cm":14584}},"DataVersion":3465}