{"stats":{"minecraft:killed_by":{"jujutsucraft:cursed_spirit_grade_25":1,"jujutsucraft:cursed_spirit_grade_35":1,"jujutsucraft:cursed_spirit_grade_39":1,"jujutsucraft:cursed_spirit_grade_11":2,"jujutsucraft:charles_bernard":1,"jujutsucraft:cursed_spirit_grade_22":5,"jujutsucraft:nanami_kento":1,"jujutsucraft:cursed_spirit_grade_110":1,"jujutsucraft:yoshino_junpei":1,"jujutsucraft:curse_user":2,"jujutsucraft:gojo_satoru":1,"jujutsucraft:inumaki_toge":1,"jujutsucraft:nishimiya_momo":1,"jujutsucraft:negi_toshihisa":1,"jujutsucraft:jogo":1,"jujutsucraft:kumiya_juzo":1,"jujutsucraft:higuruma_hiromi":1,"jujutsucraft:kukuru":1,"jujutsucraft:eight_handled_swrod_divergent_sila_divine_general_mahoraga":2,"jujutsucraft:jujutsu_sorcerer":1},"minecraft:crafted":{"minecraft:oak_planks":16,"minecraft:furnace":1,"minecraft:stone_pickaxe":2,"minecraft:emerald":2,"minecraft:crafting_table":1,"minecraft:wooden_pickaxe":1,"minecraft:air":0,"minecraft:stick":8,"minecraft:iron_pickaxe":1,"minecraft:white_bed":1},"minecraft:custom":{"minecraft:inspect_dropper":1,"minecraft:mob_kills":444,"minecraft:interact_with_crafting_table":8,"minecraft:open_barrel":13,"minecraft:damage_dealt_resisted":31969,"minecraft:leave_game":7,"minecraft:time_since_death":14690,"minecraft:climb_one_cm":6807,"minecraft:damage_resisted":10164,"minecraft:sprint_one_cm":1672539,"minecraft:walk_one_cm":1263230,"minecraft:drop":279,"minecraft:talked_to_villager":6,"minecraft:play_time":263654,"minecraft:sneak_time":972,"minecraft:deaths":31,"minecraft:walk_under_water_one_cm":32292,"minecraft:jump":3227,"minecraft:walk_on_water_one_cm":60961,"minecraft:total_world_time":263654,"minecraft:interact_with_furnace":6,"minecraft:traded_with_villager":2,"minecraft:sleep_in_bed":6,"minecraft:time_since_rest":14755,"minecraft:damage_taken":19904,"minecraft:trigger_trapped_chest":5,"minecraft:damage_dealt":324,"minecraft:player_kills":2,"minecraft:swim_one_cm":23199,"minecraft:fly_one_cm":1171932,"minecraft:open_chest":76,"minecraft:crouch_one_cm":2327,"minecraft:fall_one_cm":101400},"minecraft:dropped":{"minecraft:spruce_sign":2,"minecraft:vine":32,"minecraft:birch_leaves":2,"minecraft:porkchop":34,"minecraft:wheat_seeds":3,"jujutsucraft:clothes_jogo_helmet":1,"jujutsucraftaddon:random_ct_changer":1,"minecraft:feather":12,"minecraft:cobblestone":7,"jujutsucraft:sword_black":2,"minecraft:lantern":1,"minecraft:leather":18,"minecraft:apple":2,"epicfight:stone_spear":2,"minecraft:copper_ingot":1,"minecraft:spruce_door":4,"minecraft:grass_block":13,"minecraft:item_frame":2,"minecraft:stick":5,"minecraft:deepslate_tile_stairs":1,"minecraft:dirt":55,"minecraft:grass":1,"minecraft:mutton":23,"minecraft:brown_wool":1,"jujutsucraftaddon:clan_changer":1,"epicfight:stone_greatsword":1,"minecraft:sand":1,"minecraft:iron_pickaxe":1,"minecraft:string":15,"minecraft:white_wool":12,"minecraft:spruce_sapling":2,"minecraft:bone":43,"minecraft:gravel":1,"minecraft:furnace":1,"minecraft:sweet_berries":2,"jujutsucraft:uniform_normal_leggings":3,"minecraft:coarse_dirt":5,"minecraft:raw_copper":38,"minecraft:smooth_stone_slab":1,"minecraft:suspicious_sand":1,"minecraft:birch_sapling":1,"minecraft:raw_iron":5,"minecraft:soul_lantern":2,"jujutsucraft:cursed_technique_changer":1,"minecraft:chicken":9,"minecraft:rotten_flesh":81,"jujutsucraft:sword_okkotsu_yuta":1,"minecraft:glowstone_dust":2,"jujutsucraft:naginata":3,"jujutsucraft:itadori_arm":3,"jujutsucraft:uniform_normal_chestplate":2,"minecraft:gunpowder":31,"jujutsucraft:sword_ogi":1,"minecraft:oak_sapling":7,"minecraft:spider_eye":5,"minecraft:bow":5,"jujutsucraft:clothes_kusakabe_chestplate":3,"minecraft:arrow":45,"jujutsucraft:uniform_normal_helmet":2,"minecraft:wooden_pickaxe":1,"minecraft:stone_pickaxe":1,"minecraft:beef":44,"jujutsucraft:uniform_normal_boots":2,"jujutsucraftaddon:race_changer":1,"jujutsucraft:costume_takaba_helmet":1,"jujutsucraft:clothes_jogo_chestplate":1,"minecraft:oak_leaves":11,"jujutsucraft:g_staff":1,"minecraft:black_wool":1},"minecraft:mined":{"minecraft:diamond_ore":3,"minecraft:white_bed":4,"minecraft:grass_block":1,"minecraft:spruce_leaves":6,"minecraft:oak_wall_sign":1,"minecraft:furnace":1,"minecraft:iron_ore":7,"minecraft:fire":45,"minecraft:stone":21,"minecraft:spruce_slab":1,"minecraft:quartz_block":1,"minecraft:soul_sand":1,"minecraft:dandelion":1,"minecraft:soul_lantern":2,"minecraft:crafting_table":4,"minecraft:copper_ore":10,"minecraft:tall_grass":3,"minecraft:iron_door":1,"minecraft:sweet_berry_bush":1,"minecraft:grass":13,"minecraft:coal_ore":26,"minecraft:oak_log":6,"minecraft:gravel":5,"minecraft:oak_leaves":1,"minecraft:fern":1},"minecraft:killed":{"jujutsucraft:cursed_spirit_grade_32":6,"jujutsucraft:cursed_spirit_grade_31":10,"jujutsucraft:cursed_spirit_grade_33":7,"jujutsucraft:nanako":1,"jujutsucraft:cursed_spirit_grade_11":1,"minecraft:spider":17,"jujutsucraft:cursed_spirit_grade_318":4,"jujutsucraft:cursed_spirit_grade_316":2,"jujutsucraft:transfigured_human_2":3,"minecraft:horse":5,"minecraft:skeleton":37,"jujutsucraft:cursed_spirit_grade_39":12,"jujutsucraft:cursed_spirit_grade_312":1,"jujutsucraft:cursed_spirit_grade_313":3,"minecraft:bee":1,"minecraft:chicken":19,"minecraft:drowned":4,"jujutsucraft:cursed_spirit_grade_317":19,"jujutsucraft:cursed_spirit_grade_38":2,"jujutsucraft:cursed_spirit_grade_34":14,"jujutsucraft:transfigured_human_1":1,"minecraft:wolf":2,"minecraft:pig":32,"jujutsucraft:kukuru":2,"minecraft:zombie_villager":1,"jujutsucraft:jujutsu_sorcerer":1,"jujutsucraft:nishimiya_momo":1,"minecraft:salmon":20,"minecraft:bat":16,"jujutsucraft:curse_user":7,"minecraft:creeper":22,"minecraft:squid":2,"jujutsucraft:cursed_spirit_grade_321":7,"minecraft:sheep":25,"jujutsucraft:cursed_spirit_grade_314":11,"minecraft:zombie":38,"jujutsucraft:crow":4,"jujutsucraft:cursed_spirit_grade_311":4,"jujutsucraft:cursed_spirit_grade_310":3,"jujutsucraft:negi_toshihisa":1,"jujutsucraft:slicing_exorcism":2,"jujutsucraft:cursed_spirit_grade_36":10,"jujutsucraft:cursed_spirit_grade_110":1,"jujutsucraft:cursed_spirit_grade_315":10,"jujutsucraft:cursed_spirit_grade_212":1,"jujutsucraft:cursed_spirit_grade_319":11,"jujutsucraft:cursed_spirit_grade_322":5,"minecraft:villager":3,"minecraft:enderman":1,"minecraft:cow":25},"minecraft:picked_up":{"minecraft:coarse_dirt":5,"minecraft:crafting_table":4,"minecraft:chicken":9,"jujutsucraft:cursed_technique_changer":2,"jujutsucraft:clothes_zenin_boots":1,"minecraft:string":15,"minecraft:raw_copper":38,"minecraft:smooth_stone_slab":1,"minecraft:item_frame":2,"jujutsucraft:sword_ogi":1,"minecraft:oak_sign":1,"jujutsucraft:sword_black":2,"minecraft:beef":44,"minecraft:spruce_slab":1,"minecraft:birch_sapling":1,"minecraft:furnace":1,"minecraft:egg":4,"minecraft:raw_iron":9,"minecraft:stick":5,"jujutsucraft:uniform_normal_helmet":1,"minecraft:copper_ingot":1,"epicfight:skillbook":2,"minecraft:porkchop":36,"minecraft:vine":32,"minecraft:deepslate_tile_stairs":1,"minecraft:quartz_block":1,"minecraft:arrow":47,"minecraft:rotten_flesh":81,"jujutsucraft:naginata":4,"jujutsucraft:costume_takaba_helmet":1,"minecraft:suspicious_sand":1,"minecraft:mutton":23,"minecraft:skeleton_skull":2,"minecraft:white_wool":15,"minecraft:cobblestone":21,"jujutsucraft:clothes_kusakabe_chestplate":3,"minecraft:birch_leaves":2,"epicfight:stone_spear":2,"minecraft:feather":12,"minecraft:leather":30,"minecraft:brown_wool":1,"minecraft:oak_log":6,"jujutsucraftaddon:race_changer":2,"minecraft:gunpowder":31,"minecraft:dirt":56,"minecraft:lantern":4,"jujutsucraft:uniform_normal_leggings":2,"jujutsucraft:clothes_hakari_kinji_chestplate":1,"minecraft:bone":43,"jujutsucraft:itadori_arm":5,"minecraft:apple":2,"minecraft:bow":5,"minecraft:wheat_seeds":3,"minecraft:iron_ingot":3,"minecraft:glowstone_dust":2,"minecraft:soul_sand":1,"jujutsucraft:clothes_hakari_kinji_leggings":1,"minecraft:sweet_berries":2,"epicfight:stone_greatsword":1,"minecraft:dandelion":1,"minecraft:gravel":6,"minecraft:sand":1,"jujutsucraft:uniform_normal_chestplate":1,"minecraft:spruce_sapling":2,"minecraft:white_bed":5,"minecraft:grass_block":13,"minecraft:spruce_door":4,"minecraft:spider_eye":5,"minecraft:diamond":3,"minecraft:soul_lantern":3,"minecraft:grass":1,"minecraft:spruce_sign":2,"minecraft:oak_sapling":7,"minecraft:black_wool":1,"minecraft:coal":26,"minecraft:oak_leaves":11},"minecraft:used":{"minecraft:spruce_slab":1,"minecraft:oak_sign":1,"jujutsucraft:clothes_jogo_chestplate":1,"minecraft:soul_sand":1,"minecraft:dirt":1,"jujutsucraft:sword_ogi":3,"minecraft:quartz_block":1,"jujutsucraft:clothes_hakari_kinji_leggings":1,"minecraft:bow":35,"minecraft:furnace":1,"minecraft:egg":4,"epicfight:skillbook":2,"jujutsucraft:clothes_jogo_helmet":1,"minecraft:stone_pickaxe":60,"minecraft:oak_planks":2,"minecraft:wooden_pickaxe":13,"jujutsucraft:uniform_normal_boots":2,"minecraft:crafting_table":4,"minecraft:white_bed":5,"jujutsucraft:clothes_hakari_kinji_chestplate":1,"jujutsucraft:uniform_normal_chestplate":2,"minecraft:oak_log":2,"jujutsucraft:sword_okkotsu_yuta":1,"minecraft:iron_pickaxe":6,"jujutsucraft:naginata":3,"minecraft:gravel":5,"minecraft:soul_lantern":1,"jujutsucraft:uniform_normal_leggings":1,"minecraft:dandelion":1}},"DataVersion":3465}