{"stats":{"minecraft:crafted":{"minecraft:oak_planks":16},"minecraft:used":{"jujutsucraft:uniform_normal_leggings":1,"jujutsucraft:uniform_normal_boots":1,"jujutsucraft:uniform_normal_chestplate":2},"minecraft:dropped":{"jujutsucraftaddon:random_ct_changer":1},"minecraft:picked_up":{"jujutsucraft:clothes_kusakabe_chestplate":1,"jujutsucraft:naginata":1,"minecraft:wheat_seeds":1,"minecraft:oak_log":4},"minecraft:mined":{"minecraft:oak_log":4},"minecraft:custom":{"minecraft:time_since_rest":28978,"minecraft:crouch_one_cm":383,"minecraft:play_time":28978,"minecraft:sprint_one_cm":23353,"minecraft:damage_taken":110,"minecraft:walk_one_cm":53311,"minecraft:sneak_time":57,"minecraft:walk_under_water_one_cm":266,"minecraft:drop":1,"minecraft:jump":26,"minecraft:time_since_death":28978,"minecraft:walk_on_water_one_cm":1571,"minecraft:total_world_time":28978,"minecraft:fall_one_cm":538,"minecraft:fly_one_cm":4852}},"DataVersion":3465}