{"stats":{"minecraft:crafted":{"minecraft:oak_planks":16,"minecraft:crafting_table":1,"minecraft:stick":8,"minecraft:wooden_pickaxe":1,"minecraft:stone_pickaxe":1,"minecraft:furnace":1,"minecraft:white_bed":1},"minecraft:used":{"minecraft:stone_pickaxe":40,"minecraft:wooden_pickaxe":3,"jujutsucraft:uniform_normal_boots":1,"jujutsucraft:naginata":3,"minecraft:crafting_table":3,"jujutsucraft:uniform_normal_leggings":1,"minecraft:white_bed":3,"jujutsucraft:uniform_normal_chestplate":2},"minecraft:dropped":{"jujutsucraftaddon:random_ct_changer":1,"jujutsucraftaddon:clan_changer":1,"minecraft:beef":6},"minecraft:killed":{"minecraft:sheep":5,"jujutsucraft:cursed_spirit_grade_31":8,"jujutsucraft:cursed_spirit_grade_313":1,"minecraft:bee":1,"minecraft:chicken":1,"jujutsucraft:cursed_spirit_grade_317":5,"jujutsucraft:cursed_spirit_grade_319":1,"minecraft:cow":15},"minecraft:picked_up":{"jujutsucraft:clothes_kusakabe_chestplate":1,"minecraft:raw_iron":1,"minecraft:crafting_table":3,"minecraft:feather":2,"minecraft:chicken":1,"minecraft:leather":14,"minecraft:oak_log":4,"minecraft:white_bed":3,"jujutsucraft:naginata":1,"minecraft:wheat_seeds":1,"minecraft:beef":30,"minecraft:mutton":6,"minecraft:coal":21,"minecraft:white_wool":4,"minecraft:cobblestone":20},"minecraft:mined":{"minecraft:white_bed":2,"minecraft:iron_ore":1,"minecraft:crafting_table":3,"minecraft:grass":1,"minecraft:oak_log":4,"minecraft:coal_ore":21,"minecraft:spruce_leaves":3,"minecraft:stone":20},"minecraft:killed_by":{"jujutsucraft:cursed_spirit_grade_35":1},"minecraft:custom":{"minecraft:time_since_rest":10831,"minecraft:sprint_one_cm":233948,"minecraft:damage_taken":1032,"minecraft:walk_one_cm":224630,"minecraft:mob_kills":37,"minecraft:drop":8,"minecraft:swim_one_cm":1783,"minecraft:interact_with_crafting_table":4,"minecraft:fly_one_cm":47384,"minecraft:crouch_one_cm":1177,"minecraft:play_time":52978,"minecraft:deaths":1,"minecraft:sneak_time":514,"minecraft:walk_under_water_one_cm":2879,"minecraft:damage_dealt_resisted":1154,"minecraft:jump":250,"minecraft:walk_on_water_one_cm":8851,"minecraft:time_since_death":13233,"minecraft:sleep_in_bed":3,"minecraft:total_world_time":52978,"minecraft:fall_one_cm":6872}},"DataVersion":3465}