{"stats":{"minecraft:crafted":{"minecraft:oak_planks":16,"minecraft:emerald":2,"minecraft:crafting_table":1,"minecraft:wooden_pickaxe":1,"minecraft:furnace":1,"minecraft:air":0,"minecraft:stick":8,"minecraft:stone_pickaxe":1,"minecraft:white_bed":1},"minecraft:used":{"jujutsucraft:clothes_jogo_helmet":1,"minecraft:spruce_slab":1,"minecraft:stone_pickaxe":55,"minecraft:oak_planks":2,"minecraft:wooden_pickaxe":11,"jujutsucraft:uniform_normal_boots":2,"jujutsucraft:clothes_jogo_chestplate":1,"minecraft:soul_sand":1,"minecraft:dirt":1,"minecraft:crafting_table":3,"minecraft:white_bed":3,"jujutsucraft:clothes_hakari_kinji_chestplate":1,"jujutsucraft:uniform_normal_chestplate":2,"minecraft:oak_log":2,"minecraft:quartz_block":1,"minecraft:gravel":5,"jujutsucraft:naginata":3,"jujutsucraft:clothes_hakari_kinji_leggings":1,"jujutsucraft:uniform_normal_leggings":1,"minecraft:egg":3},"minecraft:killed":{"jujutsucraft:cursed_spirit_grade_31":9,"minecraft:zombie_villager":1,"minecraft:spider":7,"minecraft:creeper":6,"minecraft:squid":1,"minecraft:sheep":9,"minecraft:skeleton":10,"jujutsucraft:cursed_spirit_grade_313":1,"jujutsucraft:cursed_spirit_grade_314":1,"minecraft:zombie":3,"jujutsucraft:crow":2,"minecraft:bee":1,"minecraft:chicken":5,"jujutsucraft:cursed_spirit_grade_317":5,"jujutsucraft:cursed_spirit_grade_315":2,"jujutsucraft:cursed_spirit_grade_319":1,"minecraft:villager":3,"minecraft:cow":16},"minecraft:picked_up":{"jujutsucraft:clothes_kusakabe_chestplate":3,"minecraft:crafting_table":3,"minecraft:feather":4,"minecraft:chicken":3,"minecraft:leather":14,"jujutsucraft:cursed_technique_changer":2,"minecraft:oak_log":6,"minecraft:gunpowder":6,"jujutsucraftaddon:race_changer":2,"minecraft:dirt":1,"minecraft:string":5,"minecraft:lantern":1,"jujutsucraft:uniform_normal_leggings":2,"minecraft:raw_copper":38,"jujutsucraft:clothes_hakari_kinji_chestplate":1,"minecraft:bone":13,"minecraft:wheat_seeds":1,"minecraft:beef":30,"minecraft:spruce_slab":1,"minecraft:glowstone_dust":2,"minecraft:soul_sand":1,"minecraft:egg":3,"jujutsucraft:clothes_hakari_kinji_leggings":1,"minecraft:raw_iron":1,"jujutsucraft:uniform_normal_helmet":1,"minecraft:gravel":6,"minecraft:porkchop":3,"jujutsucraft:uniform_normal_chestplate":1,"minecraft:white_bed":3,"minecraft:spider_eye":2,"minecraft:quartz_block":1,"minecraft:arrow":12,"jujutsucraft:naginata":3,"minecraft:rotten_flesh":10,"minecraft:mutton":8,"minecraft:coal":26,"minecraft:white_wool":8,"minecraft:cobblestone":21},"minecraft:dropped":{"minecraft:gravel":1,"minecraft:porkchop":3,"minecraft:wheat_seeds":1,"jujutsucraft:uniform_normal_leggings":3,"minecraft:raw_copper":38,"jujutsucraft:clothes_jogo_helmet":1,"jujutsucraftaddon:random_ct_changer":1,"jujutsucraft:cursed_technique_changer":1,"minecraft:chicken":2,"minecraft:feather":2,"minecraft:rotten_flesh":10,"jujutsucraft:naginata":3,"jujutsucraft:uniform_normal_chestplate":2,"minecraft:gunpowder":6,"minecraft:mutton":8,"jujutsucraftaddon:clan_changer":1,"minecraft:spider_eye":2,"jujutsucraft:clothes_kusakabe_chestplate":3,"jujutsucraft:uniform_normal_helmet":2,"minecraft:beef":30,"jujutsucraft:uniform_normal_boots":2,"jujutsucraftaddon:race_changer":1,"jujutsucraft:clothes_jogo_chestplate":1,"minecraft:white_wool":4,"minecraft:bone":13},"minecraft:mined":{"minecraft:white_bed":2,"minecraft:quartz_block":1,"minecraft:soul_sand":1,"minecraft:crafting_table":3,"minecraft:grass_block":1,"minecraft:tall_grass":3,"minecraft:copper_ore":10,"minecraft:spruce_leaves":3,"minecraft:fire":5,"minecraft:iron_ore":1,"minecraft:grass":7,"minecraft:oak_log":6,"minecraft:coal_ore":26,"minecraft:gravel":5,"minecraft:stone":21,"minecraft:spruce_slab":1,"minecraft:oak_leaves":1},"minecraft:killed_by":{"jujutsucraft:cursed_spirit_grade_35":1,"jujutsucraft:inumaki_toge":1,"jujutsucraft:negi_toshihisa":1,"jujutsucraft:jujutsu_sorcerer":1},"minecraft:custom":{"minecraft:inspect_dropper":1,"minecraft:mob_kills":83,"minecraft:traded_with_villager":2,"minecraft:open_barrel":13,"minecraft:interact_with_crafting_table":4,"minecraft:damage_dealt_resisted":1765,"minecraft:leave_game":4,"minecraft:time_since_death":46200,"minecraft:sleep_in_bed":3,"minecraft:climb_one_cm":4178,"minecraft:time_since_rest":46236,"minecraft:sprint_one_cm":643471,"minecraft:damage_taken":3037,"minecraft:walk_one_cm":541146,"minecraft:drop":47,"minecraft:damage_dealt":162,"minecraft:swim_one_cm":15830,"minecraft:talked_to_villager":4,"minecraft:fly_one_cm":321536,"minecraft:open_chest":52,"minecraft:play_time":113006,"minecraft:crouch_one_cm":1597,"minecraft:sneak_time":767,"minecraft:deaths":4,"minecraft:walk_under_water_one_cm":6328,"minecraft:jump":1283,"minecraft:walk_on_water_one_cm":15579,"minecraft:total_world_time":113006,"minecraft:fall_one_cm":31142}},"DataVersion":3465}