{"stats":{"minecraft:crafted":{"minecraft:oak_planks":16,"minecraft:emerald":2,"minecraft:crafting_table":1,"minecraft:wooden_pickaxe":1,"minecraft:furnace":1,"minecraft:air":0,"minecraft:stick":8,"minecraft:stone_pickaxe":1,"minecraft:white_bed":1},"minecraft:used":{"minecraft:spruce_slab":1,"minecraft:stone_pickaxe":55,"minecraft:oak_planks":2,"minecraft:wooden_pickaxe":11,"jujutsucraft:uniform_normal_boots":1,"minecraft:soul_sand":1,"minecraft:dirt":1,"minecraft:crafting_table":3,"minecraft:white_bed":3,"jujutsucraft:uniform_normal_chestplate":2,"minecraft:oak_log":2,"minecraft:quartz_block":1,"minecraft:gravel":5,"jujutsucraft:naginata":3,"jujutsucraft:uniform_normal_leggings":1,"minecraft:egg":3},"minecraft:killed":{"jujutsucraft:cursed_spirit_grade_31":9,"minecraft:zombie_villager":1,"minecraft:spider":7,"minecraft:creeper":6,"minecraft:sheep":9,"minecraft:skeleton":10,"jujutsucraft:cursed_spirit_grade_313":1,"jujutsucraft:cursed_spirit_grade_314":1,"minecraft:zombie":3,"jujutsucraft:crow":2,"minecraft:bee":1,"minecraft:chicken":5,"jujutsucraft:cursed_spirit_grade_317":5,"jujutsucraft:cursed_spirit_grade_315":2,"jujutsucraft:cursed_spirit_grade_319":1,"minecraft:villager":1,"minecraft:cow":16},"minecraft:picked_up":{"jujutsucraft:clothes_kusakabe_chestplate":3,"minecraft:crafting_table":3,"minecraft:feather":4,"minecraft:chicken":3,"minecraft:leather":14,"minecraft:oak_log":6,"minecraft:gunpowder":6,"jujutsucraftaddon:race_changer":2,"minecraft:dirt":1,"minecraft:string":5,"minecraft:lantern":1,"jujutsucraft:uniform_normal_leggings":2,"minecraft:raw_copper":38,"minecraft:bone":13,"minecraft:wheat_seeds":1,"minecraft:beef":30,"minecraft:spruce_slab":1,"minecraft:glowstone_dust":2,"minecraft:soul_sand":1,"minecraft:egg":3,"minecraft:raw_iron":1,"jujutsucraft:uniform_normal_helmet":1,"minecraft:gravel":6,"minecraft:porkchop":3,"jujutsucraft:uniform_normal_chestplate":1,"minecraft:white_bed":3,"minecraft:spider_eye":2,"minecraft:quartz_block":1,"minecraft:arrow":12,"jujutsucraft:naginata":3,"minecraft:rotten_flesh":10,"minecraft:mutton":8,"minecraft:coal":26,"minecraft:white_wool":8,"minecraft:cobblestone":21},"minecraft:dropped":{"minecraft:gravel":1,"minecraft:porkchop":3,"minecraft:wheat_seeds":1,"jujutsucraft:uniform_normal_leggings":3,"minecraft:raw_copper":38,"jujutsucraftaddon:random_ct_changer":1,"minecraft:chicken":2,"minecraft:feather":2,"minecraft:rotten_flesh":10,"jujutsucraft:naginata":3,"jujutsucraft:uniform_normal_chestplate":2,"minecraft:gunpowder":6,"minecraft:mutton":8,"jujutsucraftaddon:clan_changer":1,"minecraft:spider_eye":2,"jujutsucraft:clothes_kusakabe_chestplate":3,"jujutsucraft:uniform_normal_helmet":2,"minecraft:beef":30,"jujutsucraft:uniform_normal_boots":1,"jujutsucraftaddon:race_changer":1,"minecraft:white_wool":4,"minecraft:bone":13},"minecraft:mined":{"minecraft:white_bed":2,"minecraft:quartz_block":1,"minecraft:soul_sand":1,"minecraft:crafting_table":3,"minecraft:grass_block":1,"minecraft:tall_grass":3,"minecraft:copper_ore":10,"minecraft:spruce_leaves":3,"minecraft:iron_ore":1,"minecraft:grass":5,"minecraft:oak_log":6,"minecraft:coal_ore":26,"minecraft:gravel":5,"minecraft:stone":21,"minecraft:spruce_slab":1,"minecraft:oak_leaves":1},"minecraft:killed_by":{"jujutsucraft:cursed_spirit_grade_35":1,"jujutsucraft:inumaki_toge":1,"jujutsucraft:negi_toshihisa":1,"jujutsucraft:jujutsu_sorcerer":1},"minecraft:custom":{"minecraft:inspect_dropper":1,"minecraft:mob_kills":80,"minecraft:traded_with_villager":2,"minecraft:interact_with_crafting_table":4,"minecraft:damage_dealt_resisted":1645,"minecraft:leave_game":4,"minecraft:time_since_death":34200,"minecraft:sleep_in_bed":3,"minecraft:climb_one_cm":944,"minecraft:time_since_rest":34236,"minecraft:sprint_one_cm":541408,"minecraft:damage_taken":2847,"minecraft:walk_one_cm":509510,"minecraft:drop":43,"minecraft:damage_dealt":97,"minecraft:swim_one_cm":12907,"minecraft:talked_to_villager":3,"minecraft:fly_one_cm":296108,"minecraft:play_time":101006,"minecraft:crouch_one_cm":1597,"minecraft:sneak_time":765,"minecraft:deaths":4,"minecraft:walk_under_water_one_cm":6179,"minecraft:jump":1174,"minecraft:walk_on_water_one_cm":12531,"minecraft:total_world_time":101006,"minecraft:fall_one_cm":26859}},"DataVersion":3465}