{"stats":{"minecraft:crafted":{"minecraft:oak_planks":16,"minecraft:furnace":1,"minecraft:stone_pickaxe":1,"minecraft:emerald":2,"minecraft:crafting_table":1,"minecraft:wooden_pickaxe":1,"minecraft:air":0,"minecraft:stick":8,"minecraft:white_bed":1},"minecraft:used":{"minecraft:spruce_slab":1,"minecraft:oak_sign":1,"jujutsucraft:clothes_jogo_chestplate":1,"minecraft:dirt":1,"minecraft:soul_sand":1,"minecraft:quartz_block":1,"jujutsucraft:clothes_hakari_kinji_leggings":1,"minecraft:bow":32,"minecraft:egg":3,"jujutsucraft:clothes_jogo_helmet":1,"minecraft:stone_pickaxe":55,"minecraft:oak_planks":2,"minecraft:wooden_pickaxe":13,"jujutsucraft:uniform_normal_boots":2,"minecraft:crafting_table":3,"minecraft:white_bed":5,"jujutsucraft:clothes_hakari_kinji_chestplate":1,"jujutsucraft:uniform_normal_chestplate":2,"minecraft:oak_log":2,"jujutsucraft:sword_okkotsu_yuta":1,"minecraft:gravel":5,"jujutsucraft:naginata":3,"minecraft:soul_lantern":1,"jujutsucraft:uniform_normal_leggings":1,"minecraft:dandelion":1},"minecraft:killed":{"jujutsucraft:cursed_spirit_grade_31":9,"minecraft:spider":7,"jujutsucraft:cursed_spirit_grade_316":1,"minecraft:skeleton":15,"minecraft:horse":3,"jujutsucraft:cursed_spirit_grade_313":1,"minecraft:bee":1,"minecraft:chicken":6,"jujutsucraft:cursed_spirit_grade_317":5,"minecraft:pig":4,"minecraft:zombie_villager":1,"minecraft:salmon":6,"minecraft:creeper":8,"minecraft:squid":1,"minecraft:sheep":16,"jujutsucraft:cursed_spirit_grade_314":2,"minecraft:zombie":6,"jujutsucraft:crow":2,"jujutsucraft:cursed_spirit_grade_315":2,"jujutsucraft:cursed_spirit_grade_319":1,"minecraft:villager":3,"minecraft:cow":20},"minecraft:dropped":{"minecraft:porkchop":14,"minecraft:wheat_seeds":3,"minecraft:birch_leaves":2,"jujutsucraft:clothes_jogo_helmet":1,"jujutsucraftaddon:random_ct_changer":1,"minecraft:feather":4,"minecraft:leather":11,"minecraft:mutton":14,"jujutsucraftaddon:clan_changer":1,"minecraft:white_wool":8,"minecraft:spruce_sapling":1,"minecraft:bone":13,"minecraft:gravel":1,"minecraft:sweet_berries":2,"jujutsucraft:uniform_normal_leggings":3,"minecraft:raw_copper":38,"jujutsucraft:cursed_technique_changer":1,"minecraft:chicken":4,"minecraft:rotten_flesh":16,"jujutsucraft:sword_okkotsu_yuta":1,"jujutsucraft:naginata":3,"jujutsucraft:uniform_normal_chestplate":2,"minecraft:gunpowder":8,"jujutsucraft:sword_ogi":1,"minecraft:spider_eye":2,"jujutsucraft:clothes_kusakabe_chestplate":3,"jujutsucraft:uniform_normal_helmet":2,"minecraft:bow":1,"minecraft:beef":44,"jujutsucraft:uniform_normal_boots":2,"jujutsucraftaddon:race_changer":1,"jujutsucraft:clothes_jogo_chestplate":1,"jujutsucraft:g_staff":1},"minecraft:picked_up":{"minecraft:crafting_table":3,"minecraft:chicken":4,"jujutsucraft:cursed_technique_changer":2,"minecraft:string":5,"minecraft:raw_copper":38,"minecraft:oak_sign":1,"minecraft:beef":44,"minecraft:spruce_slab":1,"minecraft:egg":3,"minecraft:raw_iron":1,"jujutsucraft:uniform_normal_helmet":1,"minecraft:porkchop":14,"minecraft:vine":2,"minecraft:quartz_block":1,"minecraft:arrow":16,"minecraft:rotten_flesh":16,"jujutsucraft:naginata":3,"minecraft:mutton":14,"minecraft:white_wool":12,"minecraft:cobblestone":21,"jujutsucraft:clothes_kusakabe_chestplate":3,"minecraft:birch_leaves":2,"minecraft:feather":6,"minecraft:leather":23,"minecraft:oak_log":6,"minecraft:gunpowder":9,"jujutsucraftaddon:race_changer":2,"minecraft:dirt":1,"minecraft:lantern":1,"jujutsucraft:uniform_normal_leggings":2,"jujutsucraft:clothes_hakari_kinji_chestplate":1,"minecraft:bone":16,"jujutsucraft:itadori_arm":2,"minecraft:bow":2,"minecraft:wheat_seeds":3,"minecraft:glowstone_dust":2,"minecraft:soul_sand":1,"jujutsucraft:clothes_hakari_kinji_leggings":1,"minecraft:sweet_berries":2,"minecraft:dandelion":1,"minecraft:gravel":6,"jujutsucraft:uniform_normal_chestplate":1,"minecraft:spruce_sapling":1,"minecraft:white_bed":5,"minecraft:spider_eye":2,"minecraft:soul_lantern":2,"minecraft:coal":26},"minecraft:mined":{"minecraft:white_bed":4,"minecraft:grass_block":1,"minecraft:spruce_leaves":6,"minecraft:oak_wall_sign":1,"minecraft:iron_ore":1,"minecraft:fire":8,"minecraft:stone":21,"minecraft:spruce_slab":1,"minecraft:quartz_block":1,"minecraft:soul_sand":1,"minecraft:dandelion":1,"minecraft:soul_lantern":2,"minecraft:crafting_table":3,"minecraft:tall_grass":3,"minecraft:copper_ore":10,"minecraft:sweet_berry_bush":1,"minecraft:grass":13,"minecraft:oak_log":6,"minecraft:coal_ore":26,"minecraft:gravel":5,"minecraft:oak_leaves":1,"minecraft:fern":1},"minecraft:killed_by":{"jujutsucraft:cursed_spirit_grade_35":1,"jujutsucraft:curse_user":1,"jujutsucraft:gojo_satoru":1,"jujutsucraft:inumaki_toge":1,"jujutsucraft:negi_toshihisa":1,"jujutsucraft:jujutsu_sorcerer":1},"minecraft:custom":{"minecraft:inspect_dropper":1,"minecraft:mob_kills":120,"minecraft:interact_with_crafting_table":4,"minecraft:open_barrel":13,"minecraft:damage_dealt_resisted":1908,"minecraft:leave_game":5,"minecraft:time_since_death":16793,"minecraft:climb_one_cm":6807,"minecraft:sprint_one_cm":899984,"minecraft:walk_one_cm":738665,"minecraft:drop":106,"minecraft:talked_to_villager":6,"minecraft:play_time":171163,"minecraft:deaths":9,"minecraft:sneak_time":948,"minecraft:walk_under_water_one_cm":12629,"minecraft:jump":2044,"minecraft:walk_on_water_one_cm":23360,"minecraft:total_world_time":171163,"minecraft:traded_with_villager":2,"minecraft:sleep_in_bed":5,"minecraft:time_since_rest":16947,"minecraft:damage_taken":4754,"minecraft:trigger_trapped_chest":5,"minecraft:damage_dealt":162,"minecraft:swim_one_cm":17242,"minecraft:fly_one_cm":545397,"minecraft:open_chest":70,"minecraft:crouch_one_cm":2283,"minecraft:fall_one_cm":51656}},"DataVersion":3465}