{"stats":{"minecraft:crafted":{"minecraft:oak_planks":16,"minecraft:crafting_table":1,"minecraft:stick":8,"minecraft:wooden_pickaxe":1,"minecraft:stone_pickaxe":1,"minecraft:furnace":1,"minecraft:white_bed":1},"minecraft:used":{"minecraft:stone_pickaxe":17,"minecraft:wooden_pickaxe":3,"jujutsucraft:uniform_normal_boots":1,"jujutsucraft:naginata":3,"minecraft:crafting_table":3,"jujutsucraft:uniform_normal_leggings":1,"minecraft:white_bed":2,"jujutsucraft:uniform_normal_chestplate":2},"minecraft:dropped":{"jujutsucraftaddon:random_ct_changer":1},"minecraft:killed":{"minecraft:sheep":5,"jujutsucraft:cursed_spirit_grade_31":8,"minecraft:bee":1,"minecraft:chicken":1,"minecraft:cow":12},"minecraft:picked_up":{"jujutsucraft:clothes_kusakabe_chestplate":1,"minecraft:crafting_table":3,"minecraft:feather":2,"minecraft:chicken":1,"minecraft:leather":10,"minecraft:oak_log":4,"minecraft:white_bed":3,"jujutsucraft:naginata":1,"minecraft:wheat_seeds":1,"minecraft:beef":24,"minecraft:mutton":6,"minecraft:coal":3,"minecraft:white_wool":4,"minecraft:cobblestone":16},"minecraft:mined":{"minecraft:white_bed":2,"minecraft:crafting_table":3,"minecraft:grass":1,"minecraft:oak_log":4,"minecraft:coal_ore":3,"minecraft:spruce_leaves":3,"minecraft:stone":16},"minecraft:killed_by":{"jujutsucraft:cursed_spirit_grade_35":1},"minecraft:custom":{"minecraft:time_since_rest":472,"minecraft:sprint_one_cm":112626,"minecraft:damage_taken":645,"minecraft:walk_one_cm":119243,"minecraft:mob_kills":27,"minecraft:drop":1,"minecraft:interact_with_crafting_table":4,"minecraft:fly_one_cm":24668,"minecraft:crouch_one_cm":490,"minecraft:play_time":40978,"minecraft:deaths":1,"minecraft:sneak_time":108,"minecraft:walk_under_water_one_cm":1199,"minecraft:damage_dealt_resisted":869,"minecraft:jump":142,"minecraft:walk_on_water_one_cm":4121,"minecraft:time_since_death":1233,"minecraft:sleep_in_bed":2,"minecraft:total_world_time":40978,"minecraft:fall_one_cm":4720}},"DataVersion":3465}