{"stats":{"minecraft:killed_by":{"jujutsucraft:cursed_spirit_grade_25":1,"jujutsucraft:zenin_naobito":1,"jujutsucraft:cursed_spirit_grade_35":1,"jujutsucraft:cursed_spirit_grade_39":1,"jujutsucraft:cursed_spirit_grade_11":2,"jujutsucraft:charles_bernard":1,"jujutsucraft:cursed_spirit_grade_22":5,"jujutsucraft:uro_takako":1,"jujutsucraft:nanami_kento":1,"jujutsucraft:cursed_spirit_grade_110":1,"jujutsucraft:yoshino_junpei":1,"jujutsucraft:curse_user":2,"jujutsucraft:gojo_satoru":1,"jujutsucraft:rozetsu":2,"jujutsucraft:inumaki_toge":1,"jujutsucraft:negi_toshihisa":1,"jujutsucraft:nishimiya_momo":1,"jujutsucraft:jogo":1,"jujutsucraft:kumiya_juzo":1,"jujutsucraft:higuruma_hiromi":1,"jujutsucraft:kukuru":1,"jujutsucraft:eight_handled_swrod_divergent_sila_divine_general_mahoraga":2,"jujutsucraft:jujutsu_sorcerer":1},"minecraft:crafted":{"minecraft:oak_planks":20,"minecraft:furnace":1,"minecraft:stone_pickaxe":2,"minecraft:emerald":2,"minecraft:crafting_table":1,"minecraft:wooden_pickaxe":1,"minecraft:air":0,"minecraft:stick":16,"minecraft:iron_pickaxe":2,"minecraft:white_bed":1},"minecraft:custom":{"minecraft:inspect_dropper":1,"minecraft:mob_kills":520,"minecraft:interact_with_crafting_table":9,"minecraft:open_barrel":13,"minecraft:bell_ring":31,"minecraft:damage_dealt_resisted":43760,"minecraft:leave_game":8,"minecraft:time_since_death":13027,"minecraft:climb_one_cm":8052,"minecraft:damage_resisted":15692,"minecraft:sprint_one_cm":2048099,"minecraft:walk_one_cm":1518945,"minecraft:drop":324,"minecraft:talked_to_villager":6,"minecraft:play_time":322306,"minecraft:sneak_time":1132,"minecraft:deaths":36,"minecraft:walk_under_water_one_cm":36043,"minecraft:jump":3886,"minecraft:walk_on_water_one_cm":71588,"minecraft:total_world_time":322306,"minecraft:interact_with_furnace":6,"minecraft:traded_with_villager":2,"minecraft:sleep_in_bed":6,"minecraft:time_since_rest":13069,"minecraft:damage_taken":23585,"minecraft:trigger_trapped_chest":5,"minecraft:damage_dealt":424,"minecraft:player_kills":2,"minecraft:swim_one_cm":25792,"minecraft:fly_one_cm":1454704,"minecraft:open_chest":79,"minecraft:crouch_one_cm":2629,"minecraft:fall_one_cm":130621},"minecraft:dropped":{"minecraft:spruce_sign":2,"minecraft:vine":32,"minecraft:birch_leaves":2,"minecraft:porkchop":36,"minecraft:wheat_seeds":3,"jujutsucraft:clothes_jogo_helmet":1,"jujutsucraftaddon:random_ct_changer":1,"minecraft:feather":13,"minecraft:cobblestone":7,"jujutsucraft:sword_black":2,"minecraft:lantern":4,"minecraft:leather":26,"minecraft:apple":2,"epicfight:stone_spear":2,"minecraft:copper_ingot":1,"minecraft:spruce_door":4,"minecraft:grass_block":13,"minecraft:polished_blackstone_stairs":1,"minecraft:item_frame":2,"minecraft:stick":5,"minecraft:deepslate_tile_stairs":1,"minecraft:dirt":55,"minecraft:grass":1,"minecraft:ink_sac":5,"minecraft:mutton":23,"minecraft:brown_wool":1,"jujutsucraftaddon:clan_changer":1,"epicfight:stone_greatsword":1,"jujutsucraftaddon:cellphone":1,"minecraft:sand":1,"minecraft:iron_pickaxe":1,"minecraft:string":15,"minecraft:white_wool":12,"minecraft:spruce_sapling":2,"minecraft:bone":43,"minecraft:gravel":1,"jujutsucraft:nyoi_staff":1,"minecraft:furnace":1,"jujutsu_kaisen_gt_2:left_sign_item":1,"minecraft:sweet_berries":2,"jujutsucraft:uniform_normal_leggings":3,"minecraft:coarse_dirt":5,"minecraft:raw_copper":38,"minecraft:smooth_stone_slab":1,"jujutsucraft:item_master_simple_domain":1,"minecraft:suspicious_sand":1,"minecraft:birch_sapling":1,"minecraft:raw_iron":5,"minecraft:soul_lantern":2,"jujutsucraft:cursed_technique_changer":1,"minecraft:chicken":12,"minecraft:rotten_flesh":81,"jujutsucraft:sword_okkotsu_yuta":1,"jujutsu_kaisen_gt_2:hand_sign_item":1,"jujutsucraft:naginata":3,"minecraft:glowstone_dust":2,"jujutsucraft:itadori_arm":3,"minecraft:salmon":2,"jujutsucraft:uniform_normal_chestplate":2,"minecraft:poppy":2,"minecraft:gunpowder":31,"minecraft:skeleton_skull":1,"jujutsucraft:sword_ogi":1,"minecraft:oak_sapling":7,"minecraft:spider_eye":5,"minecraft:iron_bars":1,"minecraft:wooden_pickaxe":1,"jujutsucraft:clothes_kusakabe_chestplate":3,"minecraft:bow":5,"minecraft:arrow":45,"jujutsucraft:uniform_normal_helmet":2,"minecraft:stone_pickaxe":1,"minecraft:beef":53,"jujutsucraft:uniform_normal_boots":2,"jujutsucraftaddon:race_changer":5,"jujutsucraft:costume_takaba_helmet":1,"jujutsucraft:clothes_jogo_chestplate":1,"minecraft:oak_leaves":11,"jujutsucraft:g_staff":1,"minecraft:black_wool":1},"minecraft:mined":{"minecraft:diamond_ore":11,"minecraft:white_bed":4,"minecraft:grass_block":1,"minecraft:spruce_leaves":6,"minecraft:oak_wall_sign":1,"minecraft:furnace":1,"minecraft:iron_ore":7,"minecraft:fire":45,"minecraft:iron_bars":2,"minecraft:stone":27,"minecraft:spruce_slab":1,"minecraft:quartz_block":1,"minecraft:soul_sand":1,"minecraft:dandelion":1,"minecraft:soul_lantern":2,"minecraft:crafting_table":5,"minecraft:copper_ore":10,"minecraft:tall_grass":3,"minecraft:lapis_ore":8,"minecraft:iron_door":1,"minecraft:skeleton_skull":1,"minecraft:polished_blackstone_stairs":1,"minecraft:sweet_berry_bush":1,"minecraft:grass":15,"minecraft:coal_ore":26,"minecraft:oak_log":7,"minecraft:gravel":5,"minecraft:oak_leaves":1,"minecraft:fern":1},"minecraft:killed":{"jujutsucraft:cursed_spirit_grade_32":6,"jujutsucraft:transfigured_human_3":1,"jujutsucraft:cursed_spirit_grade_31":10,"jujutsucraft:cursed_spirit_grade_33":8,"jujutsucraft:nanako":1,"jujutsucraft:cursed_spirit_grade_11":1,"minecraft:spider":17,"jujutsucraft:cursed_spirit_grade_318":4,"jujutsucraft:cursed_spirit_grade_316":2,"jujutsucraft:transfigured_human_2":3,"minecraft:horse":12,"minecraft:skeleton":37,"jujutsucraft:cursed_spirit_grade_39":12,"jujutsucraft:cursed_spirit_grade_312":1,"jujutsucraft:cursed_spirit_grade_313":4,"minecraft:bee":2,"minecraft:chicken":24,"jujutsucraft:cursed_spirit_grade_19":1,"minecraft:drowned":4,"jujutsucraft:cursed_spirit_grade_317":19,"jujutsucraft:cursed_spirit_grade_38":2,"jujutsucraft:cursed_spirit_grade_34":14,"jujutsucraft:transfigured_human_1":2,"jujutsucraft:higuruma_hiromi":1,"minecraft:wolf":4,"minecraft:pig":32,"jujutsucraft:kukuru":2,"jujutsucraft:jujutsu_sorcerer":1,"minecraft:zombie_villager":1,"jujutsucraft:nishimiya_momo":1,"minecraft:salmon":29,"minecraft:iron_golem":1,"minecraft:bat":16,"jujutsucraft:curse_user":7,"minecraft:creeper":22,"minecraft:squid":4,"jujutsucraft:cursed_spirit_grade_321":9,"minecraft:sheep":26,"jujutsucraft:cursed_spirit_grade_314":11,"jujutsucraft:entity_scissors":17,"minecraft:zombie":38,"jujutsucraft:crow":8,"jujutsucraft:cursed_spirit_grade_311":5,"jujutsucraft:cursed_spirit_grade_310":4,"jujutsucraft:negi_toshihisa":1,"jujutsucraft:slicing_exorcism":2,"jujutsucraft:cursed_spirit_grade_36":11,"jujutsucraft:cursed_spirit_grade_110":2,"jujutsucraft:cursed_spirit_grade_315":12,"jujutsucraft:cursed_spirit_grade_212":1,"jujutsucraft:cursed_spirit_grade_319":11,"jujutsucraft:cursed_spirit_grade_322":5,"minecraft:villager":5,"minecraft:enderman":1,"minecraft:cow":34},"minecraft:picked_up":{"minecraft:coarse_dirt":5,"minecraft:crafting_table":5,"minecraft:chicken":12,"jujutsu_kaisen_gt_2:hand_sign_item":2,"jujutsucraft:cursed_technique_changer":2,"jujutsucraft:clothes_zenin_boots":1,"minecraft:string":15,"minecraft:raw_copper":38,"minecraft:smooth_stone_slab":1,"minecraft:item_frame":2,"jujutsucraft:sword_ogi":1,"minecraft:oak_sign":1,"jujutsu_kaisen_gt_2:left_sign_item":2,"jujutsucraft:sword_black":2,"minecraft:beef":53,"jujutsucraftaddon:cellphone":1,"minecraft:poppy":2,"minecraft:spruce_slab":1,"minecraft:birch_sapling":1,"minecraft:egg":6,"minecraft:furnace":1,"minecraft:raw_iron":9,"minecraft:stick":5,"minecraft:polished_blackstone_stairs":1,"jujutsucraft:uniform_normal_helmet":1,"minecraft:copper_ingot":1,"epicfight:skillbook":2,"minecraft:porkchop":36,"minecraft:vine":32,"minecraft:deepslate_tile_stairs":1,"minecraft:quartz_block":1,"minecraft:arrow":47,"jujutsucraft:naginata":4,"minecraft:rotten_flesh":81,"jujutsucraft:costume_takaba_helmet":1,"minecraft:suspicious_sand":1,"minecraft:mutton":23,"minecraft:iron_bars":1,"minecraft:skeleton_skull":2,"minecraft:white_wool":15,"minecraft:cobblestone":27,"jujutsucraft:clothes_kusakabe_chestplate":3,"minecraft:birch_leaves":2,"epicfight:stone_spear":2,"minecraft:feather":13,"minecraft:salmon":2,"minecraft:leather":38,"minecraft:brown_wool":1,"minecraft:lapis_lazuli":53,"minecraft:oak_log":7,"jujutsucraftaddon:race_changer":4,"minecraft:gunpowder":31,"minecraft:dirt":56,"minecraft:lantern":4,"jujutsucraft:uniform_normal_leggings":2,"jujutsucraft:clothes_hakari_kinji_chestplate":1,"minecraft:bone":43,"jujutsucraft:itadori_arm":5,"minecraft:apple":2,"minecraft:bow":5,"minecraft:wheat_seeds":3,"minecraft:iron_ingot":8,"minecraft:glowstone_dust":2,"minecraft:soul_sand":1,"jujutsucraft:clothes_hakari_kinji_leggings":1,"minecraft:sweet_berries":2,"epicfight:stone_greatsword":1,"minecraft:dandelion":1,"minecraft:gravel":6,"minecraft:sand":1,"jujutsucraft:uniform_normal_chestplate":1,"minecraft:spruce_sapling":2,"minecraft:ink_sac":5,"minecraft:white_bed":5,"minecraft:grass_block":13,"minecraft:spider_eye":5,"minecraft:spruce_door":4,"minecraft:diamond":11,"minecraft:soul_lantern":3,"minecraft:grass":1,"minecraft:spruce_sign":2,"minecraft:oak_sapling":7,"minecraft:black_wool":1,"minecraft:coal":26,"minecraft:oak_leaves":11},"minecraft:used":{"minecraft:spruce_slab":1,"minecraft:oak_sign":1,"minecraft:soul_sand":1,"jujutsucraft:clothes_jogo_chestplate":1,"minecraft:dirt":1,"jujutsucraft:sword_ogi":3,"minecraft:quartz_block":1,"jujutsucraft:clothes_hakari_kinji_leggings":1,"minecraft:bow":35,"minecraft:furnace":1,"minecraft:egg":6,"epicfight:skillbook":2,"jujutsucraft:clothes_jogo_helmet":1,"minecraft:oak_planks":2,"minecraft:stone_pickaxe":60,"minecraft:wooden_pickaxe":13,"jujutsucraft:uniform_normal_boots":2,"minecraft:crafting_table":5,"minecraft:white_bed":5,"jujutsucraft:clothes_hakari_kinji_chestplate":1,"jujutsucraft:uniform_normal_chestplate":2,"minecraft:oak_log":2,"jujutsucraft:sword_okkotsu_yuta":1,"minecraft:iron_pickaxe":31,"jujutsucraft:naginata":3,"minecraft:gravel":5,"minecraft:soul_lantern":1,"minecraft:cobblestone":6,"jujutsucraft:uniform_normal_leggings":1,"minecraft:dandelion":1}},"DataVersion":3465}