{"stats":{"minecraft:crafted":{"minecraft:oak_planks":16,"minecraft:emerald":2,"minecraft:crafting_table":1,"minecraft:wooden_pickaxe":1,"minecraft:furnace":1,"minecraft:air":0,"minecraft:stick":8,"minecraft:stone_pickaxe":1,"minecraft:white_bed":1},"minecraft:used":{"minecraft:stone_pickaxe":52,"minecraft:oak_planks":2,"minecraft:wooden_pickaxe":10,"jujutsucraft:uniform_normal_boots":1,"minecraft:soul_sand":1,"minecraft:dirt":1,"minecraft:crafting_table":3,"minecraft:white_bed":3,"jujutsucraft:uniform_normal_chestplate":2,"minecraft:oak_log":2,"minecraft:quartz_block":1,"minecraft:gravel":2,"jujutsucraft:naginata":3,"jujutsucraft:uniform_normal_leggings":1,"minecraft:egg":1},"minecraft:killed":{"jujutsucraft:cursed_spirit_grade_31":9,"minecraft:zombie_villager":1,"minecraft:spider":7,"minecraft:creeper":6,"minecraft:sheep":9,"minecraft:skeleton":10,"jujutsucraft:cursed_spirit_grade_314":1,"jujutsucraft:cursed_spirit_grade_313":1,"minecraft:zombie":3,"jujutsucraft:crow":2,"minecraft:bee":1,"minecraft:chicken":3,"jujutsucraft:cursed_spirit_grade_317":5,"jujutsucraft:cursed_spirit_grade_315":2,"jujutsucraft:cursed_spirit_grade_319":1,"minecraft:cow":15},"minecraft:dropped":{"minecraft:wheat_seeds":1,"minecraft:raw_copper":38,"jujutsucraftaddon:random_ct_changer":1,"minecraft:chicken":2,"minecraft:feather":2,"minecraft:rotten_flesh":10,"jujutsucraft:naginata":1,"minecraft:gunpowder":6,"minecraft:mutton":8,"jujutsucraftaddon:clan_changer":1,"minecraft:spider_eye":2,"minecraft:beef":30,"minecraft:white_wool":4,"minecraft:bone":13},"minecraft:picked_up":{"jujutsucraft:clothes_kusakabe_chestplate":1,"minecraft:crafting_table":3,"minecraft:feather":2,"minecraft:chicken":2,"minecraft:leather":14,"minecraft:oak_log":6,"minecraft:gunpowder":6,"minecraft:dirt":1,"minecraft:string":5,"minecraft:raw_copper":38,"minecraft:bone":13,"minecraft:wheat_seeds":1,"minecraft:beef":30,"minecraft:glowstone_dust":2,"minecraft:soul_sand":1,"minecraft:egg":1,"minecraft:raw_iron":1,"minecraft:gravel":2,"minecraft:white_bed":3,"minecraft:spider_eye":2,"minecraft:quartz_block":1,"minecraft:rotten_flesh":10,"minecraft:arrow":12,"jujutsucraft:naginata":2,"minecraft:mutton":8,"minecraft:coal":26,"minecraft:white_wool":8,"minecraft:cobblestone":21},"minecraft:mined":{"minecraft:white_bed":2,"minecraft:quartz_block":1,"minecraft:soul_sand":1,"minecraft:crafting_table":3,"minecraft:grass_block":1,"minecraft:tall_grass":2,"minecraft:copper_ore":10,"minecraft:spruce_leaves":3,"minecraft:iron_ore":1,"minecraft:grass":2,"minecraft:oak_log":6,"minecraft:coal_ore":26,"minecraft:gravel":2,"minecraft:stone":21,"minecraft:oak_leaves":1},"minecraft:killed_by":{"jujutsucraft:cursed_spirit_grade_35":1,"jujutsucraft:inumaki_toge":1,"jujutsucraft:negi_toshihisa":1,"jujutsucraft:jujutsu_sorcerer":1},"minecraft:custom":{"minecraft:inspect_dropper":1,"minecraft:mob_kills":76,"minecraft:traded_with_villager":2,"minecraft:interact_with_crafting_table":4,"minecraft:damage_dealt_resisted":1645,"minecraft:leave_game":1,"minecraft:time_since_death":18295,"minecraft:sleep_in_bed":3,"minecraft:climb_one_cm":944,"minecraft:time_since_rest":18331,"minecraft:sprint_one_cm":458868,"minecraft:damage_taken":2668,"minecraft:walk_one_cm":466323,"minecraft:drop":27,"minecraft:damage_dealt":10,"minecraft:swim_one_cm":12907,"minecraft:talked_to_villager":3,"minecraft:fly_one_cm":204898,"minecraft:crouch_one_cm":1428,"minecraft:play_time":85101,"minecraft:deaths":4,"minecraft:sneak_time":616,"minecraft:walk_under_water_one_cm":6179,"minecraft:jump":879,"minecraft:walk_on_water_one_cm":12531,"minecraft:total_world_time":85101,"minecraft:fall_one_cm":20043}},"DataVersion":3465}