{"stats":{"minecraft:custom":{"minecraft:mob_kills":187,"minecraft:open_barrel":13,"minecraft:damage_dealt_resisted":12914,"minecraft:leave_game":17,"minecraft:time_since_death":168612,"minecraft:climb_one_cm":2213,"minecraft:damage_resisted":3661,"minecraft:sprint_one_cm":324170,"minecraft:walk_one_cm":962822,"minecraft:drop":134,"minecraft:talked_to_villager":1,"minecraft:play_time":504067,"minecraft:deaths":2,"minecraft:sneak_time":6849,"minecraft:walk_under_water_one_cm":28378,"minecraft:jump":3539,"minecraft:walk_on_water_one_cm":44300,"minecraft:total_world_time":504067,"minecraft:interact_with_furnace":1,"minecraft:time_since_rest":168655,"minecraft:damage_taken":1267,"minecraft:damage_dealt":676,"minecraft:swim_one_cm":15519,"minecraft:fly_one_cm":1365841,"minecraft:player_kills":3,"minecraft:open_chest":8,"minecraft:crouch_one_cm":20926,"minecraft:fall_one_cm":308547},"minecraft:dropped":{"minecraft:iron_ingot":3,"jujutsucraft:uniform_higuruma_leggings":1,"minecraft:vine":104,"minecraft:wheat_seeds":1,"minecraft:feather":1,"jujutsucraft:sword_black":1,"jujutsucraft:clothes_hakari_kinji_leggings":1,"minecraft:apple":1,"jujutsucraft:clothes_nanami_leggings":1,"jujutsucraft:uniform_q_leggings":1,"minecraft:grass_block":13,"minecraft:stick":3,"jujutsucraft:slaughter_demon":1,"minecraft:dirt":41,"jujutsucraft:uniform_higuruma_chestplate":1,"minecraft:stone_button":1,"minecraft:torch":320,"minecraft:mutton":1,"jujutsucraft:clothes_miguel_chestplate":2,"jujutsucraftaddon:clan_changer":1,"minecraft:jungle_sapling":2,"minecraft:sand":1,"jujutsucraft:kurourushi_body_helmet":1,"minecraft:string":27,"jujutsucraft:fester_life_blade":2,"jujutsucraft:clothes_nanami_chestplate":1,"minecraft:white_wool":1,"minecraft:bone":15,"jujutsu_kaisen_gt_2:left_sign_item":1,"minecraft:soul_torch":64,"jujutsucraft:cursed_spirit_armoury_chestplate":1,"minecraft:cocoa_beans":9,"minecraft:birch_sapling":1,"jujutsucraft:cursed_technique_changer":6,"minecraft:raw_iron":1,"minecraft:chicken":1,"minecraft:rotten_flesh":15,"jujutsucraft:clothes_fushiguro_toji_chestplate":1,"jujutsu_kaisen_gt_2:hand_sign_item":1,"jujutsucraft:naginata":1,"jujutsucraft:itadori_arm":2,"minecraft:white_bed":1,"jujutsucraft:clothes_fushiguro_toji_leggings":1,"jujutsucraft:clothes_miguel_leggings":2,"minecraft:shroomlight":64,"minecraft:stone":7,"minecraft:gunpowder":13,"minecraft:oak_sapling":13,"minecraft:spider_eye":3,"jujutsucraft:clothes_kusakabe_chestplate":1,"minecraft:bow":3,"minecraft:arrow":22,"jujutsucraftaddon:race_changer":5,"minecraft:oak_leaves":3,"jujutsucraft:clothes_hakari_kinji_chestplate":1,"minecraft:egg":1},"minecraft:mined":{"minecraft:grass_block":7,"minecraft:glass_pane":2,"minecraft:powder_snow":2,"minecraft:grass":1,"minecraft:dirt":10,"minecraft:oak_leaves":1},"minecraft:picked_up":{"minecraft:cocoa_beans":9,"minecraft:chicken":1,"jujutsucraft:uniform_normal_boots":2,"jujutsucraft:cursed_technique_changer":3,"minecraft:string":31,"minecraft:oak_trapdoor":1,"jujutsucraftaddon:clan_changer":2,"jujutsucraft:kurourushi_body_leggings":1,"minecraft:spruce_planks":1,"minecraft:jungle_sapling":2,"minecraft:birch_sapling":1,"minecraft:egg":1,"minecraft:stick":8,"minecraft:raw_iron":1,"jujutsucraft:uniform_normal_helmet":1,"minecraft:stone":15,"epicfight:skillbook":1,"jujutsucraft:sword_okkotsu_yuta":1,"minecraft:stone_button":2,"jujutsucraftaddon:random_ct_changer":6,"minecraft:warped_planks":2,"minecraft:vine":104,"jujutsucraft:uniform_q_leggings":1,"minecraft:rotten_flesh":21,"minecraft:arrow":24,"jujutsucraft:naginata":2,"jujutsucraft:clothes_nanami_leggings":1,"minecraft:mutton":1,"minecraft:cod":1,"minecraft:white_wool":1,"jujutsucraft:clothes_kusakabe_chestplate":1,"minecraft:feather":4,"jujutsucraft:inverted_spear_of_heaven":1,"minecraft:gunpowder":14,"jujutsucraft:fester_life_blade":2,"jujutsucraftaddon:race_changer":2,"minecraft:dirt":77,"jujutsucraft:uniform_normal_leggings":2,"minecraft:bone":17,"minecraft:apple":1,"jujutsucraft:clothes_jogo_helmet":1,"jujutsucraft:clothes_jogo_chestplate":1,"minecraft:bow":3,"minecraft:wheat_seeds":2,"jujutsucraft:kurourushi_body_chestplate":1,"jujutsucraft:clothes_miguel_leggings":2,"jujutsucraft:kurourushi_body_helmet":2,"minecraft:sand":1,"jujutsucraft:uniform_normal_chestplate":1,"minecraft:stripped_spruce_log":1,"minecraft:spruce_sapling":2,"minecraft:grass_block":13,"minecraft:spider_eye":3,"jujutsucraft:clothes_nanami_chestplate":1,"minecraft:bone_meal":1,"jujutsucraft:clothes_miguel_chestplate":2,"minecraft:oak_sapling":15,"minecraft:oak_leaves":4},"minecraft:killed":{"jujutsucraft:mimiko":1,"jujutsucraft:cursed_spirit_grade_33":2,"minecraft:witch":1,"jujutsucraft:charles_bernard":1,"minecraft:spider":3,"jujutsucraft:cursed_spirit_grade_318":2,"minecraft:cod":2,"jujutsucraft:cursed_spirit_grade_22":1,"minecraft:skeleton":11,"minecraft:horse":2,"jujutsucraft:cursed_spirit_grade_39":8,"jujutsucraft:cursed_spirit_grade_313":2,"minecraft:bee":4,"minecraft:chicken":9,"jujutsucraft:cursed_spirit_grade_16":1,"minecraft:drowned":3,"jujutsucraft:cursed_spirit_grade_317":4,"jujutsucraft:cursed_spirit_grade_34":1,"minecraft:wolf":1,"minecraft:pig":14,"minecraft:salmon":42,"jujutsucraft:curse_user":3,"minecraft:creeper":6,"minecraft:squid":2,"jujutsucraft:cursed_spirit_grade_321":1,"minecraft:sheep":9,"jujutsucraft:cursed_spirit_grade_314":6,"minecraft:zombie":15,"jujutsucraft:cursed_spirit_grade_36":2,"jujutsucraft:cursed_spirit_grade_315":1,"jujutsucraft:cursed_spirit_grade_319":1,"jujutsucraft:takaba_fumihiko":1,"jujutsucraft:cursed_spirit_grade_322":4,"jujutsucraft:q":1,"minecraft:cow":13},"minecraft:used":{"jujutsucraft:cursed_spirit_grade_32_spawn_egg":1,"minecraft:spruce_slab":8,"minecraft:stone":7,"jujutsucraft:cursed_spirit_grade_33_spawn_egg":1,"minecraft:torch":309,"minecraft:dirt":16,"jujutsucraft:sukuna_finger":24,"minecraft:shroomlight":72,"minecraft:villager_spawn_egg":19,"jujutsucraft:cursed_spirit_grade_31_spawn_egg":8,"jujutsucraft:cursed_spirit_grade_317_spawn_egg":5,"minecraft:enchanted_golden_apple":2,"epicfight:skillbook":35,"jujutsucraft:cursed_spirit_grade_35_spawn_egg":1,"minecraft:stripped_dark_oak_log":1,"minecraft:dark_oak_door":3,"jujutsucraft:cursed_spirit_grade_313_spawn_egg":1,"minecraft:stone_button":1,"jujutsucraft:cursed_spirit_grade_319_spawn_egg":1,"minecraft:crimson_sign":1,"jujutsucraft:gojo_satoru_spawn_egg":3,"minecraft:glass_pane":27,"minecraft:splash_potion":2,"minecraft:soul_torch":13}},"DataVersion":3465}