{"stats":{"minecraft:used":{"jujutsucraft:cursed_spirit_grade_313_spawn_egg":1,"minecraft:shroomlight":72,"jujutsucraft:cursed_spirit_grade_32_spawn_egg":1,"minecraft:spruce_slab":8,"minecraft:stone_button":1,"jujutsucraft:cursed_spirit_grade_31_spawn_egg":8,"jujutsucraft:cursed_spirit_grade_35_spawn_egg":1,"jujutsucraft:cursed_spirit_grade_319_spawn_egg":1,"jujutsucraft:cursed_spirit_grade_317_spawn_egg":5,"minecraft:crimson_sign":1,"jujutsucraft:cursed_spirit_grade_33_spawn_egg":1,"minecraft:torch":309,"minecraft:dirt":1,"minecraft:stripped_dark_oak_log":1,"minecraft:splash_potion":2,"minecraft:soul_torch":13,"minecraft:dark_oak_door":3},"minecraft:dropped":{"jujutsucraft:uniform_higuruma_leggings":1,"jujutsucraft:clothes_miguel_leggings":2,"minecraft:shroomlight":64,"jujutsucraft:uniform_higuruma_chestplate":1,"minecraft:soul_torch":64,"jujutsucraft:cursed_spirit_armoury_chestplate":1,"minecraft:stone_button":1,"minecraft:torch":320,"jujutsucraft:clothes_miguel_chestplate":2,"jujutsucraftaddon:clan_changer":1,"jujutsucraft:naginata":1,"jujutsucraft:clothes_kusakabe_chestplate":1,"jujutsucraft:clothes_nanami_leggings":1,"jujutsucraft:kurourushi_body_helmet":1,"minecraft:white_bed":1,"jujutsucraft:fester_life_blade":2,"jujutsucraft:clothes_nanami_chestplate":1,"minecraft:stick":1},"minecraft:picked_up":{"minecraft:stick":6,"jujutsucraft:kurourushi_body_helmet":2,"jujutsucraft:uniform_normal_chestplate":1,"minecraft:stone_button":2,"minecraft:spruce_sapling":2,"jujutsucraftaddon:random_ct_changer":3,"jujutsucraft:inverted_spear_of_heaven":1,"jujutsucraft:fester_life_blade":2,"minecraft:dirt":1,"jujutsucraft:uniform_normal_leggings":1,"jujutsucraft:kurourushi_body_leggings":1,"jujutsucraftaddon:clan_changer":2,"jujutsucraft:naginata":1,"jujutsucraft:clothes_nanami_chestplate":1,"jujutsucraft:kurourushi_body_chestplate":1,"jujutsucraft:clothes_nanami_leggings":1,"jujutsucraft:clothes_miguel_chestplate":2,"minecraft:oak_sapling":2,"jujutsucraft:clothes_miguel_leggings":2,"minecraft:oak_leaves":1},"minecraft:mined":{"minecraft:powder_snow":2,"minecraft:dirt":1,"minecraft:oak_leaves":1},"minecraft:custom":{"minecraft:time_since_rest":156768,"minecraft:sprint_one_cm":153344,"minecraft:walk_one_cm":254333,"minecraft:drop":25,"minecraft:swim_one_cm":4897,"minecraft:talked_to_villager":1,"minecraft:fly_one_cm":489301,"minecraft:open_barrel":13,"minecraft:open_chest":2,"minecraft:crouch_one_cm":6168,"minecraft:play_time":156768,"minecraft:walk_under_water_one_cm":236,"minecraft:sneak_time":1908,"minecraft:jump":1049,"minecraft:leave_game":2,"minecraft:time_since_death":156768,"minecraft:walk_on_water_one_cm":5660,"minecraft:total_world_time":156768,"minecraft:fall_one_cm":25199}},"DataVersion":3465}