{"stats":{"minecraft:dropped":{"jujutsucraftaddon:clan_changer":1,"jujutsucraft:uniform_higuruma_leggings":1,"jujutsucraft:clothes_miguel_leggings":2,"jujutsucraft:uniform_higuruma_chestplate":1,"jujutsucraft:clothes_nanami_leggings":1,"jujutsucraft:cursed_spirit_armoury_chestplate":1,"jujutsucraft:kurourushi_body_helmet":1,"jujutsucraft:fester_life_blade":2,"jujutsucraft:clothes_nanami_chestplate":1,"jujutsucraft:clothes_miguel_chestplate":2},"minecraft:picked_up":{"jujutsucraft:uniform_normal_leggings":1,"jujutsucraftaddon:clan_changer":1,"jujutsucraft:kurourushi_body_leggings":1,"jujutsucraft:clothes_nanami_chestplate":1,"jujutsucraft:kurourushi_body_helmet":2,"jujutsucraft:kurourushi_body_chestplate":1,"jujutsucraft:clothes_nanami_leggings":1,"jujutsucraft:clothes_miguel_chestplate":2,"jujutsucraft:uniform_normal_chestplate":1,"jujutsucraftaddon:random_ct_changer":2,"jujutsucraft:fester_life_blade":2,"jujutsucraft:clothes_miguel_leggings":2},"minecraft:custom":{"minecraft:time_since_rest":31022,"minecraft:crouch_one_cm":166,"minecraft:play_time":31022,"minecraft:walk_one_cm":31326,"minecraft:sneak_time":91,"minecraft:drop":13,"minecraft:jump":28,"minecraft:leave_game":1,"minecraft:time_since_death":31022,"minecraft:total_world_time":31022,"minecraft:fall_one_cm":538,"minecraft:fly_one_cm":3078}},"DataVersion":3465}