{"stats":{"minecraft:dropped":{"jujutsucraft:uniform_higuruma_leggings":1,"jujutsucraft:clothes_miguel_leggings":2,"jujutsucraft:uniform_higuruma_chestplate":1,"jujutsucraft:clothes_nanami_leggings":1,"jujutsucraft:kurourushi_body_helmet":1,"jujutsucraft:fester_life_blade":2,"jujutsucraft:clothes_nanami_chestplate":1,"jujutsucraft:clothes_miguel_chestplate":2},"minecraft:picked_up":{"jujutsucraft:uniform_normal_leggings":1,"jujutsucraft:kurourushi_body_leggings":1,"jujutsucraft:clothes_nanami_chestplate":1,"jujutsucraft:kurourushi_body_helmet":2,"jujutsucraft:kurourushi_body_chestplate":1,"jujutsucraft:clothes_nanami_leggings":1,"jujutsucraft:clothes_miguel_chestplate":2,"jujutsucraft:uniform_normal_chestplate":1,"jujutsucraftaddon:random_ct_changer":1,"jujutsucraft:fester_life_blade":2,"jujutsucraft:clothes_miguel_leggings":2},"minecraft:custom":{"minecraft:time_since_rest":19035,"minecraft:crouch_one_cm":89,"minecraft:play_time":19035,"minecraft:walk_one_cm":20974,"minecraft:sneak_time":75,"minecraft:drop":11,"minecraft:jump":21,"minecraft:leave_game":1,"minecraft:time_since_death":19035,"minecraft:total_world_time":19035,"minecraft:fall_one_cm":538,"minecraft:fly_one_cm":2455}},"DataVersion":3465}