{"stats":{"minecraft:used":{"minecraft:torch":130,"minecraft:shroomlight":94,"minecraft:spruce_slab":1},"minecraft:killed":{"minecraft:cod":3,"minecraft:skeleton":1,"minecraft:creeper":1,"minecraft:salmon":4},"minecraft:custom":{"minecraft:jump":55,"minecraft:time_since_rest":75433,"minecraft:leave_game":1,"minecraft:crouch_one_cm":960,"minecraft:play_time":75433,"minecraft:sprint_one_cm":22316,"minecraft:time_since_death":75433,"minecraft:walk_on_water_one_cm":215,"minecraft:walk_one_cm":48987,"minecraft:sneak_time":992,"minecraft:total_world_time":75433,"minecraft:mob_kills":9,"minecraft:fly_one_cm":587275,"minecraft:open_chest":2}},"DataVersion":3465}