{"stats":{"minecraft:used":{"minecraft:shroomlight":72,"minecraft:stone_button":1,"minecraft:crimson_sign":1,"minecraft:torch":309,"minecraft:dirt":1,"minecraft:dark_oak_door":3,"minecraft:soul_torch":13},"minecraft:dropped":{"jujutsucraft:uniform_higuruma_leggings":1,"jujutsucraft:clothes_miguel_leggings":2,"minecraft:shroomlight":64,"jujutsucraft:uniform_higuruma_chestplate":1,"minecraft:soul_torch":64,"jujutsucraft:cursed_spirit_armoury_chestplate":1,"minecraft:stone_button":1,"minecraft:torch":320,"jujutsucraft:clothes_miguel_chestplate":2,"jujutsucraftaddon:clan_changer":1,"jujutsucraft:clothes_nanami_leggings":1,"jujutsucraft:kurourushi_body_helmet":1,"jujutsucraft:fester_life_blade":2,"jujutsucraft:clothes_nanami_chestplate":1,"minecraft:stick":1},"minecraft:picked_up":{"minecraft:stick":6,"jujutsucraft:kurourushi_body_helmet":2,"jujutsucraft:uniform_normal_chestplate":1,"minecraft:stone_button":2,"minecraft:spruce_sapling":2,"jujutsucraftaddon:random_ct_changer":3,"jujutsucraft:inverted_spear_of_heaven":1,"jujutsucraft:fester_life_blade":2,"minecraft:dirt":1,"jujutsucraft:uniform_normal_leggings":1,"jujutsucraftaddon:clan_changer":1,"jujutsucraft:kurourushi_body_leggings":1,"jujutsucraft:clothes_nanami_chestplate":1,"jujutsucraft:kurourushi_body_chestplate":1,"jujutsucraft:clothes_miguel_chestplate":2,"jujutsucraft:clothes_nanami_leggings":1,"minecraft:oak_sapling":2,"jujutsucraft:clothes_miguel_leggings":2,"minecraft:oak_leaves":1},"minecraft:mined":{"minecraft:powder_snow":2,"minecraft:dirt":1,"minecraft:oak_leaves":1},"minecraft:custom":{"minecraft:time_since_rest":109022,"minecraft:sprint_one_cm":104063,"minecraft:walk_one_cm":173816,"minecraft:drop":22,"minecraft:talked_to_villager":1,"minecraft:fly_one_cm":292328,"minecraft:open_barrel":13,"minecraft:open_chest":2,"minecraft:crouch_one_cm":1912,"minecraft:play_time":109022,"minecraft:sneak_time":739,"minecraft:jump":587,"minecraft:leave_game":1,"minecraft:time_since_death":109022,"minecraft:walk_on_water_one_cm":2427,"minecraft:total_world_time":109022,"minecraft:fall_one_cm":20997}},"DataVersion":3465}