{"stats":{"minecraft:killed":{"minecraft:horse":7,"minecraft:skeleton":50,"jujutsucraft:panda_gorilla":2,"jujutsucraft:uraume":1,"jujutsucraft:cursed_spirit_grade_39":2,"jujutsucraft:cursed_spirit_grade_33":1,"jujutsucraft:cursed_spirit_grade_314":1,"minecraft:zombie":47,"minecraft:pig":4,"minecraft:witch":1,"jujutsucraft:cursed_spirit_grade_310":1,"jujutsucraft:kukuru":1,"jujutsucraft:negi_toshihisa":2,"minecraft:chicken":11,"jujutsucraft:cursed_spirit_grade_16":2,"minecraft:salmon":42,"jujutsucraft:cursed_spirit_grade_36":3,"jujutsucraft:panda_normal":1,"jujutsucraft:cursed_spirit_grade_37":1,"minecraft:spider":24,"minecraft:drowned":13,"minecraft:bat":100,"jujutsucraft:cursed_spirit_grade_35":2,"jujutsucraft:curse_user_1":2,"jujutsucraft:cursed_spirit_grade_38":1,"jujutsucraft:cursed_spirit_grade_317":2,"jujutsucraft:cursed_spirit_grade_315":1,"jujutsucraft:cursed_spirit_grade_34":2,"minecraft:cod":13,"jujutsucraft:cursed_spirit_grade_319":1,"minecraft:creeper":40,"minecraft:squid":178,"jujutsucraft:cursed_spirit_grade_321":2,"minecraft:enderman":2,"minecraft:cow":2},"minecraft:picked_up":{"minecraft:stone":22,"minecraft:gravel":1,"minecraft:diorite":1,"minecraft:gunpowder":1,"minecraft:spider_eye":1,"minecraft:dirt":17,"minecraft:string":8,"minecraft:bone":19,"minecraft:arrow":13,"minecraft:rotten_flesh":10,"minecraft:stone_bricks":3,"minecraft:wheat_seeds":1,"minecraft:granite":2,"minecraft:ender_pearl":1},"minecraft:dropped":{"minecraft:dirt":16,"minecraft:wheat_seeds":1,"minecraft:gunpowder":1,"minecraft:ender_pearl":1,"minecraft:rotten_flesh":6,"minecraft:arrow":13,"minecraft:string":6,"minecraft:bone":20},"minecraft:custom":{"minecraft:time_since_rest":93284,"minecraft:sprint_one_cm":18276,"minecraft:damage_taken":92,"minecraft:walk_one_cm":269426,"minecraft:mob_kills":566,"minecraft:drop":55,"minecraft:damage_dealt":2650,"minecraft:fly_one_cm":332046,"minecraft:crouch_one_cm":3164,"minecraft:play_time":93284,"minecraft:walk_under_water_one_cm":5877,"minecraft:sneak_time":697,"minecraft:damage_dealt_resisted":17152,"minecraft:jump":324,"minecraft:leave_game":5,"minecraft:time_since_death":93284,"minecraft:walk_on_water_one_cm":13062,"minecraft:damage_resisted":368,"minecraft:total_world_time":93284,"minecraft:fall_one_cm":72438},"minecraft:used":{"minecraft:pig_spawn_egg":2,"jujutsucraft:sword_of_extermination":6,"jujutsucraft:sukuna_finger":21,"minecraft:skeleton_spawn_egg":4,"minecraft:smooth_stone_slab":2}},"DataVersion":3465}