{"stats":{"minecraft:killed":{"jujutsucraft:cursed_spirit_grade_36":1,"minecraft:cod":13,"minecraft:squid":1,"minecraft:salmon":25},"minecraft:picked_up":{"minecraft:arrow":6,"minecraft:bone":2},"minecraft:dropped":{"minecraft:arrow":2,"minecraft:bone":1},"minecraft:custom":{"minecraft:time_since_rest":57284,"minecraft:crouch_one_cm":2599,"minecraft:sprint_one_cm":11865,"minecraft:play_time":57284,"minecraft:walk_one_cm":118011,"minecraft:sneak_time":233,"minecraft:walk_under_water_one_cm":237,"minecraft:mob_kills":40,"minecraft:drop":3,"minecraft:jump":152,"minecraft:damage_dealt_resisted":146,"minecraft:leave_game":5,"minecraft:walk_on_water_one_cm":258,"minecraft:time_since_death":57284,"minecraft:total_world_time":57284,"minecraft:fall_one_cm":31626,"minecraft:fly_one_cm":176744},"minecraft:used":{"jujutsucraft:sukuna_finger":21,"minecraft:skeleton_spawn_egg":4,"minecraft:pig_spawn_egg":2,"minecraft:smooth_stone_slab":2}},"DataVersion":3465}