{"stats":{"minecraft:used":{"jujutsucraft:cursed_spirit_grade_32_spawn_egg":1,"minecraft:spruce_slab":8,"jujutsucraft:cursed_spirit_grade_35_spawn_egg":1,"jujutsucraft:cursed_spirit_grade_33_spawn_egg":1,"minecraft:torch":309,"minecraft:dirt":10,"minecraft:stripped_dark_oak_log":1,"minecraft:dark_oak_door":3,"minecraft:shroomlight":72,"jujutsucraft:cursed_spirit_grade_313_spawn_egg":1,"minecraft:villager_spawn_egg":19,"minecraft:stone_button":1,"jujutsucraft:cursed_spirit_grade_31_spawn_egg":8,"jujutsucraft:cursed_spirit_grade_319_spawn_egg":1,"jujutsucraft:cursed_spirit_grade_317_spawn_egg":5,"minecraft:crimson_sign":1,"minecraft:splash_potion":2,"minecraft:soul_torch":13},"minecraft:killed":{"jujutsucraft:cursed_spirit_grade_33":1,"minecraft:pig":5,"minecraft:spider":1,"jujutsucraft:cursed_spirit_grade_318":1,"minecraft:creeper":3,"jujutsucraft:cursed_spirit_grade_321":1,"minecraft:skeleton":1,"jujutsucraft:cursed_spirit_grade_314":5,"minecraft:zombie":4,"jujutsucraft:cursed_spirit_grade_36":1},"minecraft:dropped":{"jujutsucraft:uniform_higuruma_leggings":1,"minecraft:soul_torch":64,"jujutsucraft:cursed_spirit_armoury_chestplate":1,"jujutsucraft:cursed_technique_changer":2,"minecraft:feather":1,"minecraft:chicken":1,"minecraft:rotten_flesh":9,"jujutsucraft:clothes_hakari_kinji_leggings":1,"jujutsucraft:clothes_fushiguro_toji_chestplate":1,"jujutsucraft:naginata":1,"jujutsucraft:clothes_nanami_leggings":1,"minecraft:white_bed":1,"minecraft:stick":1,"jujutsucraft:slaughter_demon":1,"jujutsucraft:clothes_fushiguro_toji_leggings":1,"jujutsucraft:clothes_miguel_leggings":2,"minecraft:shroomlight":64,"jujutsucraft:uniform_higuruma_chestplate":1,"minecraft:gunpowder":10,"minecraft:stone_button":1,"minecraft:torch":320,"jujutsucraft:clothes_miguel_chestplate":2,"jujutsucraftaddon:clan_changer":1,"minecraft:spider_eye":2,"jujutsucraft:clothes_kusakabe_chestplate":1,"minecraft:arrow":13,"jujutsucraft:kurourushi_body_helmet":1,"jujutsucraftaddon:race_changer":2,"minecraft:string":22,"jujutsucraft:fester_life_blade":2,"jujutsucraft:clothes_nanami_chestplate":1,"jujutsucraft:clothes_hakari_kinji_chestplate":1,"minecraft:bone":11},"minecraft:picked_up":{"jujutsucraft:clothes_kusakabe_chestplate":1,"minecraft:feather":1,"minecraft:chicken":1,"jujutsucraft:uniform_normal_boots":1,"jujutsucraft:inverted_spear_of_heaven":1,"minecraft:gunpowder":10,"jujutsucraft:fester_life_blade":2,"minecraft:dirt":10,"minecraft:string":22,"jujutsucraft:uniform_normal_leggings":2,"minecraft:bone":11,"jujutsucraft:kurourushi_body_leggings":1,"jujutsucraftaddon:clan_changer":2,"jujutsucraft:clothes_jogo_helmet":1,"jujutsucraft:clothes_jogo_chestplate":1,"jujutsucraft:kurourushi_body_chestplate":1,"jujutsucraft:clothes_miguel_leggings":2,"minecraft:stick":6,"jujutsucraft:uniform_normal_helmet":1,"jujutsucraft:kurourushi_body_helmet":2,"minecraft:stone_button":2,"jujutsucraft:uniform_normal_chestplate":1,"minecraft:spruce_sapling":2,"jujutsucraftaddon:random_ct_changer":4,"minecraft:spider_eye":2,"minecraft:arrow":13,"minecraft:rotten_flesh":9,"jujutsucraft:naginata":2,"jujutsucraft:clothes_nanami_chestplate":1,"jujutsucraft:clothes_miguel_chestplate":2,"jujutsucraft:clothes_nanami_leggings":1,"minecraft:oak_sapling":2,"minecraft:oak_leaves":1},"minecraft:mined":{"minecraft:glass_pane":2,"minecraft:powder_snow":2,"minecraft:grass_block":4,"minecraft:dirt":7,"minecraft:oak_leaves":1},"minecraft:custom":{"minecraft:mob_kills":30,"minecraft:open_barrel":13,"minecraft:damage_dealt_resisted":1704,"minecraft:leave_game":6,"minecraft:time_since_death":251961,"minecraft:time_since_rest":251961,"minecraft:sprint_one_cm":241195,"minecraft:walk_one_cm":395767,"minecraft:drop":53,"minecraft:swim_one_cm":12097,"minecraft:talked_to_villager":1,"minecraft:fly_one_cm":751793,"minecraft:open_chest":2,"minecraft:crouch_one_cm":6555,"minecraft:play_time":251961,"minecraft:sneak_time":2512,"minecraft:walk_under_water_one_cm":576,"minecraft:jump":1834,"minecraft:walk_on_water_one_cm":8240,"minecraft:total_world_time":251961,"minecraft:fall_one_cm":44411}},"DataVersion":3465}