{"stats":{"minecraft:used":{"jujutsucraft:cursed_spirit_grade_32_spawn_egg":1,"minecraft:spruce_slab":8,"jujutsucraft:cursed_spirit_grade_35_spawn_egg":1,"minecraft:stone":7,"minecraft:torch":309,"jujutsucraft:cursed_spirit_grade_33_spawn_egg":1,"minecraft:dirt":16,"minecraft:stripped_dark_oak_log":1,"minecraft:dark_oak_door":3,"minecraft:shroomlight":72,"jujutsucraft:cursed_spirit_grade_313_spawn_egg":1,"minecraft:villager_spawn_egg":19,"minecraft:stone_button":1,"jujutsucraft:cursed_spirit_grade_31_spawn_egg":8,"jujutsucraft:cursed_spirit_grade_317_spawn_egg":5,"jujutsucraft:cursed_spirit_grade_319_spawn_egg":1,"minecraft:crimson_sign":1,"jujutsucraft:gojo_satoru_spawn_egg":3,"minecraft:splash_potion":2,"minecraft:enchanted_golden_apple":2,"minecraft:soul_torch":13},"minecraft:killed":{"jujutsucraft:cursed_spirit_grade_33":1,"minecraft:pig":8,"minecraft:salmon":19,"minecraft:spider":1,"jujutsucraft:cursed_spirit_grade_318":1,"jujutsucraft:curse_user":1,"minecraft:creeper":6,"jujutsucraft:cursed_spirit_grade_321":1,"minecraft:sheep":1,"minecraft:skeleton":9,"jujutsucraft:cursed_spirit_grade_314":5,"minecraft:zombie":9,"minecraft:chicken":1,"jujutsucraft:cursed_spirit_grade_36":1,"minecraft:drowned":3,"jujutsucraft:cursed_spirit_grade_322":1,"jujutsucraft:q":1},"minecraft:dropped":{"minecraft:iron_ingot":3,"jujutsu_kaisen_gt_2:left_sign_item":1,"jujutsucraft:uniform_higuruma_leggings":1,"minecraft:vine":104,"minecraft:wheat_seeds":1,"minecraft:soul_torch":64,"jujutsucraft:cursed_spirit_armoury_chestplate":1,"minecraft:cocoa_beans":9,"minecraft:birch_sapling":1,"jujutsucraft:cursed_technique_changer":6,"minecraft:raw_iron":1,"minecraft:chicken":1,"minecraft:feather":1,"minecraft:rotten_flesh":11,"jujutsucraft:sword_black":1,"jujutsucraft:clothes_hakari_kinji_leggings":1,"jujutsucraft:clothes_fushiguro_toji_chestplate":1,"jujutsucraft:naginata":1,"minecraft:apple":1,"jujutsu_kaisen_gt_2:hand_sign_item":1,"jujutsucraft:clothes_nanami_leggings":1,"jujutsucraft:uniform_q_leggings":1,"jujutsucraft:itadori_arm":2,"minecraft:white_bed":1,"minecraft:grass_block":11,"minecraft:stick":3,"jujutsucraft:slaughter_demon":1,"jujutsucraft:clothes_fushiguro_toji_leggings":1,"minecraft:dirt":38,"jujutsucraft:clothes_miguel_leggings":2,"minecraft:shroomlight":64,"minecraft:stone":7,"minecraft:gunpowder":13,"jujutsucraft:uniform_higuruma_chestplate":1,"minecraft:stone_button":1,"minecraft:torch":320,"minecraft:oak_sapling":13,"jujutsucraft:clothes_miguel_chestplate":2,"jujutsucraftaddon:clan_changer":1,"minecraft:jungle_sapling":2,"minecraft:spider_eye":3,"jujutsucraft:clothes_kusakabe_chestplate":1,"minecraft:sand":1,"minecraft:arrow":17,"minecraft:bow":3,"jujutsucraft:kurourushi_body_helmet":1,"jujutsucraftaddon:race_changer":2,"minecraft:string":27,"jujutsucraft:fester_life_blade":2,"jujutsucraft:clothes_nanami_chestplate":1,"minecraft:oak_leaves":2,"jujutsucraft:clothes_hakari_kinji_chestplate":1,"minecraft:bone":13},"minecraft:picked_up":{"jujutsucraft:clothes_kusakabe_chestplate":1,"minecraft:cocoa_beans":9,"minecraft:feather":1,"minecraft:chicken":1,"jujutsucraft:uniform_normal_boots":1,"jujutsucraft:cursed_technique_changer":3,"minecraft:gunpowder":13,"jujutsucraft:fester_life_blade":2,"jujutsucraft:inverted_spear_of_heaven":1,"minecraft:string":27,"minecraft:dirt":54,"jujutsucraft:uniform_normal_leggings":2,"jujutsucraftaddon:clan_changer":2,"minecraft:bone":15,"minecraft:apple":1,"jujutsucraft:kurourushi_body_leggings":1,"jujutsucraft:clothes_jogo_helmet":1,"jujutsucraft:clothes_jogo_chestplate":1,"minecraft:bow":3,"minecraft:wheat_seeds":1,"jujutsucraft:kurourushi_body_chestplate":1,"minecraft:jungle_sapling":2,"minecraft:birch_sapling":1,"jujutsucraft:clothes_miguel_leggings":2,"minecraft:egg":1,"minecraft:raw_iron":1,"minecraft:stick":8,"minecraft:stone":14,"jujutsucraft:uniform_normal_helmet":1,"jujutsucraft:kurourushi_body_helmet":2,"jujutsucraft:sword_okkotsu_yuta":1,"minecraft:sand":1,"jujutsucraft:uniform_normal_chestplate":1,"minecraft:stone_button":2,"minecraft:spruce_sapling":2,"jujutsucraftaddon:random_ct_changer":5,"minecraft:grass_block":11,"minecraft:vine":104,"minecraft:spider_eye":3,"jujutsucraft:uniform_q_leggings":1,"minecraft:arrow":17,"jujutsucraft:naginata":2,"minecraft:rotten_flesh":13,"jujutsucraft:clothes_nanami_chestplate":1,"jujutsucraft:clothes_nanami_leggings":1,"jujutsucraft:clothes_miguel_chestplate":2,"minecraft:oak_sapling":15,"minecraft:oak_leaves":3},"minecraft:mined":{"minecraft:glass_pane":2,"minecraft:powder_snow":2,"minecraft:grass_block":7,"minecraft:grass":1,"minecraft:dirt":10,"minecraft:oak_leaves":1},"minecraft:custom":{"minecraft:interact_with_furnace":1,"minecraft:mob_kills":76,"minecraft:open_barrel":13,"minecraft:damage_dealt_resisted":3178,"minecraft:leave_game":7,"minecraft:time_since_death":2822,"minecraft:damage_resisted":256,"minecraft:climb_one_cm":2213,"minecraft:time_since_rest":2847,"minecraft:sprint_one_cm":259630,"minecraft:damage_taken":388,"minecraft:walk_one_cm":533862,"minecraft:drop":119,"minecraft:damage_dealt":487,"minecraft:swim_one_cm":12097,"minecraft:talked_to_villager":1,"minecraft:fly_one_cm":864675,"minecraft:open_chest":7,"minecraft:crouch_one_cm":10936,"minecraft:play_time":323852,"minecraft:deaths":1,"minecraft:sneak_time":4005,"minecraft:walk_under_water_one_cm":1434,"minecraft:jump":2632,"minecraft:walk_on_water_one_cm":14985,"minecraft:total_world_time":323852,"minecraft:fall_one_cm":75488}},"DataVersion":3465}