{"stats":{"minecraft:used":{"minecraft:shroomlight":72,"minecraft:crimson_sign":1,"minecraft:torch":81,"minecraft:dark_oak_door":3,"minecraft:soul_torch":13},"minecraft:dropped":{"jujutsucraftaddon:clan_changer":1,"jujutsucraft:uniform_higuruma_leggings":1,"jujutsucraft:clothes_miguel_leggings":2,"jujutsucraft:uniform_higuruma_chestplate":1,"jujutsucraft:clothes_nanami_leggings":1,"jujutsucraft:cursed_spirit_armoury_chestplate":1,"jujutsucraft:kurourushi_body_helmet":1,"jujutsucraft:fester_life_blade":2,"jujutsucraft:clothes_nanami_chestplate":1,"jujutsucraft:clothes_miguel_chestplate":2},"minecraft:picked_up":{"jujutsucraft:uniform_normal_leggings":1,"minecraft:stick":5,"jujutsucraftaddon:clan_changer":1,"jujutsucraft:kurourushi_body_leggings":1,"jujutsucraft:clothes_nanami_chestplate":1,"jujutsucraft:kurourushi_body_helmet":2,"jujutsucraft:kurourushi_body_chestplate":1,"jujutsucraft:clothes_nanami_leggings":1,"jujutsucraft:clothes_miguel_chestplate":2,"jujutsucraft:uniform_normal_chestplate":1,"minecraft:spruce_sapling":2,"jujutsucraftaddon:random_ct_changer":2,"minecraft:oak_sapling":2,"jujutsucraft:fester_life_blade":2,"minecraft:oak_leaves":1,"jujutsucraft:clothes_miguel_leggings":2},"minecraft:custom":{"minecraft:time_since_rest":43022,"minecraft:crouch_one_cm":462,"minecraft:sprint_one_cm":10692,"minecraft:play_time":43022,"minecraft:walk_one_cm":81056,"minecraft:sneak_time":174,"minecraft:drop":13,"minecraft:jump":64,"minecraft:leave_game":1,"minecraft:walk_on_water_one_cm":790,"minecraft:time_since_death":43022,"minecraft:total_world_time":43022,"minecraft:fall_one_cm":538,"minecraft:fly_one_cm":84973}},"DataVersion":3465}