{"stats":{"minecraft:killed":{"jujutsucraft:cursed_spirit_grade_36":1,"minecraft:spider":3,"jujutsucraft:cursed_spirit_grade_35":1,"minecraft:zombie":1,"minecraft:cod":13,"jujutsucraft:cursed_spirit_grade_319":1,"jujutsucraft:negi_toshihisa":1,"minecraft:creeper":2,"minecraft:squid":1,"minecraft:cow":2,"jujutsucraft:cursed_spirit_grade_16":1,"minecraft:salmon":25},"minecraft:picked_up":{"minecraft:arrow":6,"minecraft:bone":7,"minecraft:dirt":16},"minecraft:dropped":{"minecraft:dirt":16,"minecraft:arrow":6,"minecraft:bone":7},"minecraft:custom":{"minecraft:time_since_rest":69284,"minecraft:crouch_one_cm":3031,"minecraft:sprint_one_cm":18031,"minecraft:play_time":69284,"minecraft:walk_one_cm":163583,"minecraft:sneak_time":420,"minecraft:walk_under_water_one_cm":237,"minecraft:mob_kills":52,"minecraft:drop":20,"minecraft:jump":194,"minecraft:damage_dealt_resisted":146,"minecraft:leave_game":5,"minecraft:walk_on_water_one_cm":258,"minecraft:time_since_death":69284,"minecraft:total_world_time":69284,"minecraft:fall_one_cm":37966,"minecraft:fly_one_cm":195547},"minecraft:used":{"jujutsucraft:sukuna_finger":21,"minecraft:skeleton_spawn_egg":4,"minecraft:pig_spawn_egg":2,"minecraft:smooth_stone_slab":2}},"DataVersion":3465}