{"stats":{"minecraft:used":{"jujutsucraft:cursed_spirit_grade_313_spawn_egg":1,"minecraft:shroomlight":72,"jujutsucraft:cursed_spirit_grade_32_spawn_egg":1,"minecraft:spruce_slab":8,"minecraft:stone_button":1,"jujutsucraft:cursed_spirit_grade_31_spawn_egg":8,"jujutsucraft:cursed_spirit_grade_35_spawn_egg":1,"jujutsucraft:cursed_spirit_grade_319_spawn_egg":1,"jujutsucraft:cursed_spirit_grade_317_spawn_egg":5,"minecraft:crimson_sign":1,"jujutsucraft:cursed_spirit_grade_33_spawn_egg":1,"minecraft:torch":309,"minecraft:dirt":10,"minecraft:stripped_dark_oak_log":1,"minecraft:splash_potion":2,"minecraft:soul_torch":13,"minecraft:dark_oak_door":3},"minecraft:killed":{"minecraft:pig":5,"jujutsucraft:cursed_spirit_grade_321":1},"minecraft:dropped":{"jujutsucraft:uniform_higuruma_leggings":1,"jujutsucraft:clothes_miguel_leggings":2,"minecraft:shroomlight":64,"jujutsucraft:uniform_higuruma_chestplate":1,"minecraft:soul_torch":64,"jujutsucraft:cursed_spirit_armoury_chestplate":1,"minecraft:stone_button":1,"minecraft:torch":320,"jujutsucraft:clothes_miguel_chestplate":2,"jujutsucraftaddon:clan_changer":1,"jujutsucraft:naginata":1,"jujutsucraft:clothes_kusakabe_chestplate":1,"jujutsucraft:clothes_nanami_leggings":1,"jujutsucraft:kurourushi_body_helmet":1,"minecraft:white_bed":1,"jujutsucraft:fester_life_blade":2,"jujutsucraft:clothes_nanami_chestplate":1,"minecraft:stick":1},"minecraft:picked_up":{"minecraft:stick":6,"minecraft:chicken":1,"minecraft:feather":1,"jujutsucraft:kurourushi_body_helmet":2,"jujutsucraft:uniform_normal_chestplate":1,"minecraft:stone_button":2,"minecraft:spruce_sapling":2,"jujutsucraftaddon:random_ct_changer":3,"minecraft:gunpowder":2,"jujutsucraft:inverted_spear_of_heaven":1,"jujutsucraft:fester_life_blade":2,"minecraft:dirt":10,"jujutsucraft:uniform_normal_leggings":1,"minecraft:rotten_flesh":2,"jujutsucraft:kurourushi_body_leggings":1,"jujutsucraftaddon:clan_changer":2,"jujutsucraft:naginata":1,"jujutsucraft:clothes_nanami_chestplate":1,"jujutsucraft:kurourushi_body_chestplate":1,"jujutsucraft:clothes_nanami_leggings":1,"jujutsucraft:clothes_miguel_chestplate":2,"minecraft:oak_sapling":2,"jujutsucraft:clothes_miguel_leggings":2,"minecraft:oak_leaves":1},"minecraft:mined":{"minecraft:glass_pane":2,"minecraft:powder_snow":2,"minecraft:grass_block":4,"minecraft:dirt":7,"minecraft:oak_leaves":1},"minecraft:custom":{"minecraft:time_since_rest":168768,"minecraft:sprint_one_cm":190255,"minecraft:walk_one_cm":302448,"minecraft:mob_kills":9,"minecraft:drop":25,"minecraft:swim_one_cm":12097,"minecraft:talked_to_villager":1,"minecraft:fly_one_cm":588089,"minecraft:open_barrel":13,"minecraft:open_chest":2,"minecraft:crouch_one_cm":6434,"minecraft:play_time":168768,"minecraft:walk_under_water_one_cm":576,"minecraft:sneak_time":2488,"minecraft:damage_dealt_resisted":504,"minecraft:jump":1362,"minecraft:leave_game":2,"minecraft:time_since_death":168768,"minecraft:walk_on_water_one_cm":8240,"minecraft:total_world_time":168768,"minecraft:fall_one_cm":36565}},"DataVersion":3465}