{"stats":{"minecraft:used":{"minecraft:shroomlight":72,"minecraft:stone_button":1,"minecraft:crimson_sign":1,"minecraft:torch":207,"minecraft:dark_oak_door":3,"minecraft:soul_torch":13},"minecraft:dropped":{"jujutsucraft:uniform_higuruma_leggings":1,"jujutsucraft:clothes_miguel_leggings":2,"jujutsucraft:uniform_higuruma_chestplate":1,"minecraft:soul_torch":64,"jujutsucraft:cursed_spirit_armoury_chestplate":1,"minecraft:stone_button":1,"minecraft:torch":320,"jujutsucraft:clothes_miguel_chestplate":2,"jujutsucraftaddon:clan_changer":1,"jujutsucraft:clothes_nanami_leggings":1,"jujutsucraft:kurourushi_body_helmet":1,"jujutsucraft:fester_life_blade":2,"jujutsucraft:clothes_nanami_chestplate":1},"minecraft:picked_up":{"minecraft:stick":5,"jujutsucraft:kurourushi_body_helmet":2,"jujutsucraft:uniform_normal_chestplate":1,"minecraft:stone_button":2,"minecraft:spruce_sapling":2,"jujutsucraftaddon:random_ct_changer":2,"jujutsucraft:inverted_spear_of_heaven":1,"jujutsucraft:fester_life_blade":2,"jujutsucraft:uniform_normal_leggings":1,"jujutsucraftaddon:clan_changer":1,"jujutsucraft:kurourushi_body_leggings":1,"jujutsucraft:clothes_nanami_chestplate":1,"jujutsucraft:kurourushi_body_chestplate":1,"jujutsucraft:clothes_miguel_chestplate":2,"jujutsucraft:clothes_nanami_leggings":1,"minecraft:oak_sapling":2,"jujutsucraft:clothes_miguel_leggings":2,"minecraft:oak_leaves":1},"minecraft:custom":{"minecraft:time_since_rest":67022,"minecraft:sprint_one_cm":51817,"minecraft:walk_one_cm":143625,"minecraft:drop":20,"minecraft:fly_one_cm":194714,"minecraft:open_barrel":13,"minecraft:open_chest":2,"minecraft:crouch_one_cm":1853,"minecraft:play_time":67022,"minecraft:sneak_time":730,"minecraft:jump":175,"minecraft:leave_game":1,"minecraft:time_since_death":67022,"minecraft:walk_on_water_one_cm":790,"minecraft:total_world_time":67022,"minecraft:fall_one_cm":538}},"DataVersion":3465}