{"stats":{"minecraft:killed":{"jujutsucraft:uraume":1,"jujutsucraft:cursed_spirit_grade_33":1,"minecraft:pig":4,"minecraft:witch":1,"jujutsucraft:kukuru":1,"minecraft:salmon":42,"minecraft:spider":24,"minecraft:bat":100,"jujutsucraft:cursed_spirit_grade_37":1,"jujutsucraft:cursed_spirit_grade_35":2,"jujutsucraft:curse_user_1":2,"minecraft:cod":13,"minecraft:creeper":40,"minecraft:squid":178,"jujutsucraft:cursed_spirit_grade_321":2,"minecraft:horse":7,"minecraft:skeleton":50,"jujutsucraft:panda_gorilla":2,"jujutsucraft:cursed_spirit_grade_39":2,"jujutsucraft:cursed_spirit_grade_314":1,"minecraft:zombie":47,"jujutsucraft:cursed_spirit_grade_310":1,"jujutsucraft:negi_toshihisa":2,"minecraft:chicken":11,"jujutsucraft:cursed_spirit_grade_16":2,"jujutsucraft:cursed_spirit_grade_36":3,"jujutsucraft:panda_normal":1,"minecraft:drowned":13,"jujutsucraft:cursed_spirit_grade_317":2,"jujutsucraft:cursed_spirit_grade_315":1,"jujutsucraft:cursed_spirit_grade_38":1,"jujutsucraft:cursed_spirit_grade_34":2,"jujutsucraft:cursed_spirit_grade_319":1,"minecraft:enderman":2,"minecraft:cow":2},"minecraft:picked_up":{"jujutsucraft:uniform_normal_boots":1,"jujutsucraft:cursed_technique_changer":3,"minecraft:gunpowder":1,"jujutsucraftaddon:race_changer":1,"minecraft:dirt":17,"minecraft:string":8,"jujutsucraft:uniform_normal_leggings":1,"minecraft:bone":19,"jujutsucraftaddon:clan_changer":1,"minecraft:stone_bricks":3,"minecraft:wheat_seeds":1,"jujutsucraftaddon:cellphone":1,"minecraft:stick":2,"minecraft:stone":22,"minecraft:dandelion":1,"minecraft:gravel":1,"jujutsucraft:uniform_normal_chestplate":1,"jujutsucraftaddon:random_ct_changer":3,"minecraft:diorite":1,"minecraft:spider_eye":1,"minecraft:arrow":13,"minecraft:rotten_flesh":10,"minecraft:granite":2,"minecraft:ender_pearl":1},"minecraft:dropped":{"minecraft:wheat_seeds":1,"minecraft:ender_pearl":1,"minecraft:rotten_flesh":6,"minecraft:stick":1,"minecraft:dirt":16,"minecraft:gunpowder":1,"jujutsucraftaddon:clan_changer":1,"minecraft:spider_eye":1,"minecraft:arrow":13,"minecraft:string":6,"jujutsucraftaddon:race_changer":2,"minecraft:bone":20},"minecraft:custom":{"minecraft:mob_kills":566,"minecraft:damage_dealt_resisted":17152,"minecraft:leave_game":7,"minecraft:time_since_death":165439,"minecraft:damage_resisted":368,"minecraft:time_since_rest":165439,"minecraft:sprint_one_cm":27760,"minecraft:damage_taken":92,"minecraft:walk_one_cm":361610,"minecraft:drop":60,"minecraft:damage_dealt":2650,"minecraft:fly_one_cm":545336,"minecraft:crouch_one_cm":4478,"minecraft:play_time":165439,"minecraft:sneak_time":1395,"minecraft:walk_under_water_one_cm":5877,"minecraft:jump":583,"minecraft:walk_on_water_one_cm":13062,"minecraft:total_world_time":165439,"minecraft:fall_one_cm":76870},"minecraft:used":{"jujutsucraft:uniform_normal_boots":1,"jujutsucraft:sukuna_finger":21,"minecraft:skeleton_spawn_egg":4,"minecraft:pig_spawn_egg":2,"jujutsucraft:sword_of_extermination":6,"minecraft:smooth_stone_slab":2}},"DataVersion":3465}