{"stats":{"minecraft:crafted":{"minecraft:oak_slab":36,"minecraft:oak_planks":28,"minecraft:crafting_table":1,"minecraft:wooden_pickaxe":1,"minecraft:cobblestone_stairs":48,"minecraft:stick":8,"minecraft:stone_pickaxe":3},"minecraft:used":{"minecraft:damaged_anvil":2,"minecraft:cobblestone_stairs":37,"minecraft:spruce_slab":3,"minecraft:stone_pickaxe":394,"minecraft:oak_planks":2,"minecraft:wooden_pickaxe":4,"jujutsucraft:uniform_normal_boots":1,"minecraft:white_candle":48,"minecraft:dirt":1,"minecraft:oak_slab":15,"minecraft:crafting_table":5,"minecraft:spruce_stairs":3,"jujutsucraft:uniform_normal_chestplate":1,"minecraft:heavy_weighted_pressure_plate":1,"minecraft:iron_axe":83,"minecraft:stone_button":1,"minecraft:iron_door":4,"jujutsucraft:dragon_bone":1,"minecraft:barrel":1,"jujutsucraft:uniform_normal_leggings":1,"minecraft:white_concrete":4,"minecraft:oak_hanging_sign":1},"minecraft:killed":{"jujutsucraft:earthen_insect_trance":2,"minecraft:villager":5},"minecraft:dropped":{"jujutsucraftaddon:random_ct_changer":1,"minecraft:cobblestone":8,"minecraft:skeleton_skull":1,"jujutsucraftaddon:clan_changer":1},"minecraft:picked_up":{"minecraft:crafting_table":4,"minecraft:iron_door":4,"minecraft:andesite":24,"minecraft:smithing_table":1,"minecraft:oak_log":7,"minecraft:cobblestone_stairs":1,"minecraft:heavy_weighted_pressure_plate":1,"minecraft:dirt":29,"minecraft:raw_copper":38,"minecraft:iron_axe":1,"minecraft:oak_hanging_sign":2,"minecraft:bone":1,"jujutsucraftaddon:clan_changer":1,"minecraft:stonecutter":1,"minecraft:spruce_planks":36,"minecraft:grindstone":1,"minecraft:spruce_slab":3,"minecraft:oak_planks":2,"minecraft:iron_sword":1,"minecraft:spruce_trapdoor":6,"minecraft:oak_slab":11,"minecraft:raw_iron":2,"minecraft:torch":192,"minecraft:spruce_stairs":3,"minecraft:gravel":4,"minecraft:stone_button":1,"jujutsucraft:cursed_spirit_armoury_chestplate":1,"minecraft:spruce_log":3,"minecraft:loom":1,"minecraft:barrel":1,"minecraft:white_candle":54,"minecraft:arrow":1,"minecraft:granite":31,"minecraft:white_concrete":6,"minecraft:damaged_anvil":2,"minecraft:coal":2,"minecraft:skeleton_skull":2,"minecraft:cobblestone":274},"minecraft:mined":{"minecraft:smithing_table":1,"minecraft:oak_slab":11,"minecraft:spruce_planks":36,"minecraft:cobblestone_stairs":1,"minecraft:powder_snow":2,"minecraft:crafting_table":4,"minecraft:granite":31,"minecraft:spruce_trapdoor":6,"minecraft:stone_button":1,"minecraft:grass_block":2,"minecraft:white_concrete":6,"minecraft:copper_ore":11,"minecraft:white_candle":15,"minecraft:oak_planks":2,"minecraft:grindstone":1,"minecraft:damaged_anvil":2,"minecraft:iron_door":4,"minecraft:skeleton_skull":1,"minecraft:spruce_stairs":3,"minecraft:iron_ore":2,"minecraft:barrel":1,"minecraft:dead_fire_coral_wall_fan":1,"minecraft:spruce_log":3,"minecraft:andesite":24,"minecraft:grass":2,"minecraft:coal_ore":2,"minecraft:oak_log":7,"minecraft:oak_wall_hanging_sign":1,"minecraft:gravel":4,"minecraft:loom":1,"minecraft:dirt":28,"minecraft:stonecutter":1,"minecraft:stone":266,"minecraft:oak_leaves":1,"minecraft:spruce_slab":3},"minecraft:broken":{"minecraft:stone_pickaxe":3},"minecraft:custom":{"minecraft:inspect_dropper":1,"minecraft:mob_kills":8,"minecraft:interact_with_crafting_table":9,"minecraft:open_barrel":24,"minecraft:interact_with_loom":1,"minecraft:damage_dealt_resisted":1008,"minecraft:time_since_death":60173,"minecraft:climb_one_cm":299,"minecraft:damage_resisted":261,"minecraft:time_since_rest":60173,"minecraft:sprint_one_cm":430157,"minecraft:damage_taken":728,"minecraft:walk_one_cm":145448,"minecraft:drop":5,"minecraft:damage_dealt":56,"minecraft:swim_one_cm":10847,"minecraft:fly_one_cm":163162,"minecraft:open_chest":26,"minecraft:crouch_one_cm":211,"minecraft:play_time":60173,"minecraft:sneak_time":43,"minecraft:walk_under_water_one_cm":1017,"minecraft:jump":614,"minecraft:walk_on_water_one_cm":2794,"minecraft:total_world_time":60173,"minecraft:fall_one_cm":22325}},"DataVersion":3465}