{"stats":{"minecraft:crafted":{"minecraft:oak_slab":36,"minecraft:oak_planks":28,"minecraft:crafting_table":2,"minecraft:birch_boat":1,"minecraft:wooden_pickaxe":1,"minecraft:cobblestone_stairs":48,"minecraft:birch_planks":40,"minecraft:stick":12,"minecraft:stone_pickaxe":3,"minecraft:birch_button":1},"minecraft:used":{"minecraft:damaged_anvil":2,"minecraft:cobblestone_stairs":37,"minecraft:spruce_slab":3,"minecraft:stone_pickaxe":394,"minecraft:oak_planks":2,"minecraft:birch_boat":2,"minecraft:wooden_pickaxe":59,"jujutsucraft:uniform_normal_boots":3,"minecraft:white_candle":53,"minecraft:dirt":1,"jujutsucraft:uniform_gojo_boots":2,"minecraft:oak_slab":15,"minecraft:crafting_table":6,"minecraft:spruce_stairs":3,"minecraft:granite":1,"jujutsucraft:uniform_normal_chestplate":1,"minecraft:heavy_weighted_pressure_plate":1,"minecraft:iron_axe":250,"minecraft:stone_button":2,"minecraft:iron_door":4,"jujutsucraft:dragon_bone":201,"minecraft:gravel":6,"jujutsucraft:fester_life_blade":4,"minecraft:barrel":1,"minecraft:cobblestone":5,"jujutsucraft:uniform_normal_leggings":1,"minecraft:white_concrete":4,"minecraft:coarse_dirt":2,"minecraft:oak_hanging_sign":1},"minecraft:dropped":{"jujutsucraftaddon:random_ct_changer":1,"minecraft:cobblestone":8,"minecraft:grindstone":1,"minecraft:coal":2,"minecraft:stick":4,"minecraft:dirt":13,"minecraft:skeleton_skull":2,"minecraft:andesite":24,"jujutsucraftaddon:clan_changer":1,"minecraft:painting":2,"minecraft:birch_button":1},"minecraft:killed":{"minecraft:wolf":1,"jujutsucraft:earthen_insect_trance":2,"minecraft:sheep":7,"minecraft:villager":5},"minecraft:picked_up":{"minecraft:birch_log":10,"minecraft:coarse_dirt":3,"minecraft:crafting_table":4,"minecraft:iron_door":4,"minecraft:andesite":24,"minecraft:smithing_table":1,"minecraft:birch_button":1,"minecraft:oak_log":7,"minecraft:cobblestone_stairs":1,"minecraft:heavy_weighted_pressure_plate":1,"minecraft:dirt":34,"minecraft:raw_copper":38,"minecraft:iron_axe":1,"minecraft:oak_hanging_sign":2,"minecraft:bone":1,"jujutsucraftaddon:clan_changer":1,"minecraft:stonecutter":2,"minecraft:spruce_planks":36,"minecraft:grindstone":1,"minecraft:spruce_slab":3,"minecraft:oak_planks":2,"minecraft:iron_sword":1,"minecraft:spruce_trapdoor":6,"minecraft:oak_slab":11,"minecraft:stick":2,"minecraft:raw_iron":2,"minecraft:birch_boat":2,"minecraft:torch":192,"minecraft:spruce_stairs":3,"minecraft:gravel":10,"minecraft:stone_button":2,"jujutsucraft:uniform_gojo_chestplate":1,"jujutsucraft:cursed_spirit_armoury_chestplate":1,"minecraft:spruce_log":3,"minecraft:loom":1,"minecraft:barrel":1,"minecraft:white_candle":124,"minecraft:arrow":1,"minecraft:granite":31,"minecraft:painting":2,"minecraft:cherry_sapling":64,"minecraft:white_concrete":6,"minecraft:damaged_anvil":2,"minecraft:coal":2,"minecraft:skeleton_skull":2,"minecraft:white_wool":6,"minecraft:cobblestone":274},"minecraft:mined":{"minecraft:smithing_table":1,"minecraft:oak_slab":11,"minecraft:spruce_planks":36,"minecraft:cobblestone_stairs":1,"minecraft:powder_snow":28,"minecraft:crafting_table":4,"minecraft:granite":31,"minecraft:spruce_trapdoor":6,"minecraft:stone_button":2,"minecraft:grass_block":10,"minecraft:dead_bush":1,"minecraft:white_concrete":6,"minecraft:copper_ore":11,"minecraft:white_candle":39,"minecraft:spruce_leaves":1,"minecraft:moss_block":1,"minecraft:oak_planks":2,"minecraft:grindstone":1,"minecraft:damaged_anvil":2,"minecraft:rooted_dirt":2,"minecraft:iron_door":4,"minecraft:large_fern":4,"minecraft:pink_petals":1,"minecraft:skeleton_skull":1,"minecraft:spruce_stairs":3,"minecraft:coarse_dirt":13,"minecraft:birch_log":12,"minecraft:iron_ore":2,"minecraft:barrel":1,"minecraft:dead_fire_coral_wall_fan":1,"minecraft:spruce_log":3,"minecraft:birch_leaves":1,"minecraft:andesite":24,"minecraft:grass":2,"minecraft:coal_ore":2,"minecraft:oak_log":7,"minecraft:oak_wall_hanging_sign":1,"minecraft:cherry_leaves":1001,"minecraft:gravel":10,"minecraft:loom":1,"minecraft:dirt":46,"minecraft:stonecutter":2,"minecraft:stone":266,"minecraft:oak_leaves":5,"minecraft:spruce_slab":3},"minecraft:broken":{"minecraft:stone_pickaxe":3,"minecraft:iron_axe":1,"minecraft:wooden_pickaxe":1},"minecraft:custom":{"minecraft:inspect_dropper":1,"minecraft:mob_kills":16,"minecraft:interact_with_crafting_table":11,"minecraft:open_barrel":40,"minecraft:interact_with_loom":1,"minecraft:damage_dealt_resisted":1008,"minecraft:interact_with_stonecutter":2,"minecraft:time_since_death":114173,"minecraft:climb_one_cm":299,"minecraft:damage_resisted":841,"minecraft:time_since_rest":114173,"minecraft:sprint_one_cm":869890,"minecraft:damage_taken":1598,"minecraft:walk_one_cm":239744,"minecraft:drop":14,"minecraft:damage_dealt":56,"minecraft:swim_one_cm":67101,"minecraft:fly_one_cm":433898,"minecraft:open_chest":30,"minecraft:crouch_one_cm":453,"minecraft:play_time":114173,"minecraft:sneak_time":122,"minecraft:walk_under_water_one_cm":6089,"minecraft:boat_one_cm":72940,"minecraft:jump":1527,"minecraft:walk_on_water_one_cm":18302,"minecraft:total_world_time":114173,"minecraft:fall_one_cm":77999}},"DataVersion":3465}