{"stats":{"minecraft:killed_by":{"jujutsucraft:negi_toshihisa":1,"jujutsucraft:nishimiya_momo":1,"jujutsucraft:cursed_spirit_grade_03":1,"jujutsucraft:curse_user":3},"minecraft:killed":{"minecraft:sheep":2,"minecraft:zombie":1},"minecraft:picked_up":{"minecraft:birch_log":6,"minecraft:crafting_table":1,"jujutsucraft:slaughter_demon":1,"minecraft:oak_log":7,"minecraft:dirt":43,"minecraft:lapis_lazuli":16,"minecraft:string":5,"minecraft:raw_copper":38,"minecraft:bone":5,"minecraft:oak_sign":2,"minecraft:gray_terracotta":5,"minecraft:sandstone":1,"minecraft:oak_door":1,"minecraft:sand":8,"jujutsucraft:cursed_spirit_armoury_chestplate":1,"minecraft:diorite":35,"minecraft:cauldron":1,"jujutsucraft:clothes_fushiguro_toji_chestplate":1,"minecraft:light_gray_terracotta":2,"jujutsucraft:clothes_fushiguro_toji_leggings":1,"minecraft:arrow":6,"minecraft:rotten_flesh":9,"minecraft:granite":18,"minecraft:mutton":3,"minecraft:coal":22,"minecraft:white_wool":2,"minecraft:cobblestone":188},"minecraft:crafted":{"minecraft:oak_door":3,"minecraft:oak_planks":28,"minecraft:oak_sign":3,"minecraft:crafting_table":1,"minecraft:wooden_pickaxe":1,"minecraft:stick":8,"minecraft:stone_pickaxe":2},"minecraft:mined":{"minecraft:blue_stained_glass_pane":2,"minecraft:oak_door":1,"minecraft:crafting_table":1,"minecraft:granite":18,"minecraft:grass_block":2,"minecraft:white_stained_glass":4,"minecraft:glass":1,"minecraft:copper_ore":11,"minecraft:cobblestone":1,"minecraft:spruce_leaves":4,"minecraft:lapis_ore":2,"minecraft:oak_wall_sign":2,"minecraft:diorite":37,"minecraft:sandstone":1,"minecraft:large_fern":1,"minecraft:birch_log":6,"minecraft:birch_leaves":1,"minecraft:grass":2,"minecraft:oak_log":7,"minecraft:coal_ore":22,"minecraft:sand":10,"minecraft:dirt":41,"minecraft:stone":120,"minecraft:oak_leaves":2},"minecraft:dropped":{"minecraft:oak_door":3,"minecraft:lapis_lazuli":16,"minecraft:raw_copper":38,"minecraft:light_gray_terracotta":2,"jujutsucraftaddon:random_ct_changer":1,"jujutsucraft:cursed_technique_changer":1,"minecraft:cobblestone":174,"minecraft:rotten_flesh":9,"minecraft:oak_planks":5,"minecraft:granite":18,"minecraft:oak_sign":3,"minecraft:coal":22,"minecraft:stick":1,"minecraft:dirt":17,"minecraft:gray_terracotta":4,"minecraft:diorite":35,"minecraft:mutton":3,"minecraft:sandstone":1,"minecraft:arrow":6,"minecraft:sand":2,"minecraft:string":5,"minecraft:birch_log":6,"minecraft:white_wool":2,"minecraft:bone":5},"minecraft:custom":{"minecraft:interact_with_furnace":1,"minecraft:interact_with_anvil":1,"minecraft:mob_kills":5,"minecraft:interact_with_crafting_table":10,"minecraft:damage_dealt_resisted":14,"minecraft:leave_game":1,"minecraft:time_since_death":3518,"minecraft:climb_one_cm":4375,"minecraft:time_since_rest":3543,"minecraft:sprint_one_cm":98398,"minecraft:damage_taken":3604,"minecraft:walk_one_cm":244862,"minecraft:drop":36,"minecraft:damage_dealt":494,"minecraft:swim_one_cm":21934,"minecraft:fly_one_cm":141835,"minecraft:crouch_one_cm":1526,"minecraft:play_time":81138,"minecraft:deaths":7,"minecraft:sneak_time":688,"minecraft:walk_under_water_one_cm":11133,"minecraft:jump":679,"minecraft:walk_on_water_one_cm":13230,"minecraft:total_world_time":81138,"minecraft:fall_one_cm":17277},"minecraft:used":{"minecraft:stone_pickaxe":160,"minecraft:oak_sign":2,"minecraft:wooden_pickaxe":59,"jujutsucraft:uniform_normal_boots":1,"minecraft:cauldron":1,"minecraft:oak_door":1,"jujutsucraft:cursed_spirit_armoury_chestplate":9,"minecraft:dirt":26,"minecraft:sand":5,"minecraft:crafting_table":2,"jujutsucraft:uniform_normal_chestplate":2,"minecraft:gray_terracotta":1,"jujutsucraft:clothes_fushiguro_toji_chestplate":1,"minecraft:cobblestone":8,"jujutsucraft:uniform_normal_leggings":1},"minecraft:broken":{"minecraft:stone_pickaxe":1,"minecraft:wooden_pickaxe":1}},"DataVersion":3465}