{"stats":{"minecraft:killed_by":{"jujutsucraft:nishimiya_momo":1,"jujutsucraft:negi_toshihisa":1,"jujutsucraft:curse_user":3,"jujutsucraft:cursed_spirit_grade_03":1},"minecraft:killed":{"minecraft:sheep":2,"minecraft:zombie":1},"minecraft:picked_up":{"minecraft:cauldron":1,"minecraft:string":5,"minecraft:dirt":43,"minecraft:light_gray_terracotta":2,"minecraft:arrow":4,"minecraft:bone":4,"minecraft:rotten_flesh":9,"minecraft:gray_terracotta":5,"minecraft:mutton":3,"minecraft:white_wool":2},"minecraft:dropped":{"jujutsucraftaddon:random_ct_changer":1,"jujutsucraft:cursed_technique_changer":1},"minecraft:mined":{"minecraft:large_fern":1,"minecraft:blue_stained_glass_pane":2,"minecraft:grass":2,"minecraft:grass_block":2,"minecraft:white_stained_glass":4,"minecraft:dirt":41,"minecraft:spruce_leaves":4,"minecraft:oak_leaves":2},"minecraft:custom":{"minecraft:time_since_rest":2997,"minecraft:interact_with_furnace":1,"minecraft:sprint_one_cm":82881,"minecraft:damage_taken":3330,"minecraft:walk_one_cm":155943,"minecraft:mob_kills":3,"minecraft:interact_with_anvil":1,"minecraft:drop":2,"minecraft:damage_dealt":494,"minecraft:fly_one_cm":87890,"minecraft:swim_one_cm":2262,"minecraft:crouch_one_cm":322,"minecraft:play_time":32893,"minecraft:deaths":6,"minecraft:sneak_time":75,"minecraft:walk_under_water_one_cm":1409,"minecraft:jump":442,"minecraft:damage_dealt_resisted":14,"minecraft:walk_on_water_one_cm":1503,"minecraft:time_since_death":2965,"minecraft:total_world_time":32893,"minecraft:climb_one_cm":4375,"minecraft:fall_one_cm":12866},"minecraft:used":{"minecraft:gray_terracotta":1,"jujutsucraft:uniform_normal_boots":1,"minecraft:dirt":26,"jujutsucraft:uniform_normal_leggings":1,"jujutsucraft:uniform_normal_chestplate":1}},"DataVersion":3465}