{"stats":{"minecraft:killed_by":{"jujutsucraft:curse_user":1,"jujutsucraft:cursed_spirit_grade_03":1,"jujutsucraft:nishimiya_momo":1},"minecraft:killed":{"minecraft:zombie":1},"minecraft:picked_up":{"minecraft:light_gray_terracotta":2,"minecraft:rotten_flesh":6,"minecraft:gray_terracotta":5,"minecraft:string":2,"minecraft:cauldron":1},"minecraft:mined":{"minecraft:oak_leaves":2},"minecraft:dropped":{"jujutsucraftaddon:random_ct_changer":1,"jujutsucraft:cursed_technique_changer":1},"minecraft:custom":{"minecraft:time_since_rest":97,"minecraft:crouch_one_cm":38,"minecraft:play_time":20893,"minecraft:sprint_one_cm":24819,"minecraft:deaths":3,"minecraft:damage_taken":1598,"minecraft:walk_one_cm":47831,"minecraft:sneak_time":36,"minecraft:walk_under_water_one_cm":196,"minecraft:mob_kills":1,"minecraft:drop":2,"minecraft:damage_dealt_resisted":6,"minecraft:jump":227,"minecraft:damage_dealt":200,"minecraft:time_since_death":71,"minecraft:walk_on_water_one_cm":1130,"minecraft:total_world_time":20893,"minecraft:swim_one_cm":2262,"minecraft:fall_one_cm":5096,"minecraft:fly_one_cm":40215},"minecraft:used":{"minecraft:gray_terracotta":1,"jujutsucraft:uniform_normal_leggings":1,"jujutsucraft:uniform_normal_boots":1,"jujutsucraft:uniform_normal_chestplate":1}},"DataVersion":3465}