{"stats":{"minecraft:dropped":{"jujutsucraftaddon:random_ct_changer":1,"jujutsucraft:cursed_technique_changer":1},"minecraft:custom":{"minecraft:jump":41,"minecraft:time_since_rest":8893,"minecraft:sprint_one_cm":2551,"minecraft:play_time":8893,"minecraft:damage_taken":120,"minecraft:time_since_death":8893,"minecraft:walk_one_cm":5749,"minecraft:total_world_time":8893,"minecraft:drop":2,"minecraft:fall_one_cm":209,"minecraft:fly_one_cm":4897},"minecraft:used":{"jujutsucraft:uniform_normal_boots":1,"jujutsucraft:uniform_normal_leggings":1,"jujutsucraft:uniform_normal_chestplate":1}},"DataVersion":3465}