{"stats":{"minecraft:crafted":{"minecraft:oak_slab":36,"minecraft:oak_planks":28,"minecraft:crafting_table":1,"minecraft:wooden_pickaxe":1,"minecraft:stick":4,"minecraft:stone_pickaxe":1},"minecraft:used":{"minecraft:spruce_slab":3,"minecraft:stone_pickaxe":27,"minecraft:wooden_pickaxe":3,"jujutsucraft:uniform_normal_boots":1,"minecraft:white_candle":45,"minecraft:dirt":1,"minecraft:oak_slab":15,"minecraft:crafting_table":3,"minecraft:spruce_stairs":3,"jujutsucraft:uniform_normal_chestplate":1,"minecraft:heavy_weighted_pressure_plate":1,"minecraft:iron_axe":44,"minecraft:stone_button":1,"minecraft:iron_door":2,"minecraft:barrel":1,"jujutsucraft:uniform_normal_leggings":1,"minecraft:white_concrete":4,"minecraft:oak_hanging_sign":1},"minecraft:killed":{"jujutsucraft:earthen_insect_trance":2,"minecraft:villager":4},"minecraft:dropped":{"jujutsucraftaddon:random_ct_changer":1,"jujutsucraftaddon:clan_changer":1},"minecraft:picked_up":{"minecraft:crafting_table":4,"minecraft:iron_door":2,"minecraft:smithing_table":1,"minecraft:oak_log":7,"minecraft:heavy_weighted_pressure_plate":1,"minecraft:dirt":1,"minecraft:iron_axe":1,"minecraft:oak_hanging_sign":2,"minecraft:bone":1,"jujutsucraftaddon:clan_changer":1,"minecraft:stonecutter":1,"minecraft:grindstone":1,"minecraft:spruce_slab":3,"minecraft:iron_sword":1,"minecraft:spruce_trapdoor":6,"minecraft:oak_slab":11,"minecraft:spruce_stairs":3,"minecraft:stone_button":1,"jujutsucraft:cursed_spirit_armoury_chestplate":1,"minecraft:spruce_log":3,"minecraft:loom":1,"minecraft:barrel":1,"minecraft:white_candle":51,"minecraft:arrow":1,"minecraft:white_concrete":6,"minecraft:damaged_anvil":2,"minecraft:skeleton_skull":1,"minecraft:cobblestone":3},"minecraft:mined":{"minecraft:smithing_table":1,"minecraft:oak_slab":11,"minecraft:crafting_table":4,"minecraft:spruce_trapdoor":6,"minecraft:stone_button":1,"minecraft:grass_block":2,"minecraft:white_concrete":6,"minecraft:white_candle":14,"minecraft:grindstone":1,"minecraft:damaged_anvil":2,"minecraft:iron_door":2,"minecraft:skeleton_skull":1,"minecraft:spruce_stairs":3,"minecraft:barrel":1,"minecraft:dead_fire_coral_wall_fan":1,"minecraft:spruce_log":3,"minecraft:grass":1,"minecraft:oak_log":7,"minecraft:oak_wall_hanging_sign":1,"minecraft:loom":1,"minecraft:stonecutter":1,"minecraft:stone":3,"minecraft:oak_leaves":1,"minecraft:spruce_slab":3},"minecraft:custom":{"minecraft:mob_kills":7,"minecraft:interact_with_crafting_table":3,"minecraft:open_barrel":24,"minecraft:interact_with_loom":1,"minecraft:damage_dealt_resisted":1008,"minecraft:time_since_death":36173,"minecraft:climb_one_cm":299,"minecraft:damage_resisted":161,"minecraft:time_since_rest":36173,"minecraft:sprint_one_cm":292063,"minecraft:damage_taken":578,"minecraft:walk_one_cm":94835,"minecraft:drop":2,"minecraft:damage_dealt":56,"minecraft:swim_one_cm":10847,"minecraft:fly_one_cm":126800,"minecraft:open_chest":10,"minecraft:crouch_one_cm":144,"minecraft:play_time":36173,"minecraft:sneak_time":37,"minecraft:walk_under_water_one_cm":1017,"minecraft:jump":502,"minecraft:walk_on_water_one_cm":2627,"minecraft:total_world_time":36173,"minecraft:fall_one_cm":12459}},"DataVersion":3465}