{"stats":{"minecraft:killed_by":{"minecraft:player":2,"jujutsucraft:cursed_spirit_grade_03":1,"jujutsucraft:curse_user":3,"jujutsucraft:nishimiya_momo":1,"jujutsucraft:negi_toshihisa":1},"minecraft:killed":{"minecraft:spider":3,"minecraft:skeleton":3,"minecraft:chicken":3,"minecraft:pig":1,"minecraft:sheep":6,"minecraft:zombie":3,"jujutsucraft:crow":3,"minecraft:villager":1,"minecraft:cow":3},"minecraft:picked_up":{"minecraft:crafting_table":4,"jujutsucraft:slaughter_demon":1,"minecraft:chicken":3,"minecraft:leather_leggings":1,"minecraft:anvil":3,"minecraft:smithing_table":1,"jujutsucraft:cursed_technique_changer":1,"minecraft:brewing_stand":2,"minecraft:golden_sword":1,"minecraft:polished_deepslate_wall":1,"minecraft:string":5,"minecraft:iron_axe":1,"minecraft:raw_copper":38,"minecraft:smooth_stone_slab":4,"minecraft:item_frame":2,"minecraft:oak_sign":2,"jujutsucraftaddon:cellphone":1,"minecraft:chest":3,"minecraft:furnace":2,"minecraft:sandstone":1,"minecraft:oak_door":1,"minecraft:porkchop":2,"minecraft:diorite":35,"minecraft:redstone":2,"minecraft:cauldron":2,"minecraft:quartz_block":16,"jujutsucraft:clothes_fushiguro_toji_chestplate":1,"jujutsucraft:clothes_ishigori_chestplate":1,"minecraft:arrow":6,"jujutsucraft:clothes_fushiguro_toji_leggings":2,"minecraft:rotten_flesh":28,"minecraft:mutton":4,"minecraft:iron_bars":2,"minecraft:cod":6,"minecraft:white_wool":6,"minecraft:cobblestone":266,"minecraft:birch_log":6,"minecraft:enchanting_table":1,"minecraft:feather":2,"minecraft:iron_door":8,"minecraft:salmon":3,"minecraft:magenta_bed":1,"minecraft:oak_log":10,"minecraft:cobblestone_wall":1,"minecraft:gunpowder":10,"minecraft:cobblestone_stairs":1,"minecraft:lapis_lazuli":16,"minecraft:dirt":52,"minecraft:bone":6,"minecraft:exposed_cut_copper_stairs":1,"minecraft:stone_bricks":5,"minecraft:stonecutter":1,"minecraft:gray_terracotta":5,"jujutsucraft:dragon_bone":3,"minecraft:sand":8,"jujutsucraft:cursed_spirit_armoury_chestplate":1,"minecraft:grass_block":1,"minecraft:light_gray_terracotta":2,"minecraft:pumpkin_seeds":2,"minecraft:granite":23,"minecraft:grass":2,"minecraft:bone_meal":1,"minecraft:dark_oak_fence":13,"minecraft:coal":22,"minecraft:oak_leaves":1},"minecraft:crafted":{"minecraft:wooden_sword":1,"minecraft:oak_door":3,"minecraft:oak_planks":36,"minecraft:oak_sign":3,"minecraft:stone_pickaxe":2,"minecraft:crafting_table":1,"minecraft:wooden_pickaxe":1,"minecraft:stick":12},"minecraft:dropped":{"minecraft:iron_ingot":1,"minecraft:porkchop":2,"minecraft:lapis_lazuli":16,"minecraft:oak_log":1,"minecraft:exposed_cut_copper_stairs":1,"minecraft:smithing_table":1,"jujutsucraftaddon:random_ct_changer":1,"minecraft:cobblestone":238,"minecraft:granite":18,"minecraft:grass_block":1,"minecraft:coal":22,"jujutsucraft:gavel":1,"minecraft:cod":6,"minecraft:stick":1,"minecraft:cobblestone_stairs":1,"minecraft:dirt":19,"minecraft:grass":2,"minecraft:diorite":35,"minecraft:brewing_stand":2,"minecraft:dark_oak_fence":5,"minecraft:mutton":4,"minecraft:dead_bush":1,"minecraft:bone_meal":1,"jujutsucraftaddon:cellphone":1,"minecraft:sand":2,"minecraft:cactus":3,"minecraft:string":5,"jujutsucraft:dragon_bone":3,"minecraft:polished_deepslate_wall":1,"minecraft:birch_log":6,"minecraft:white_wool":2,"minecraft:redstone":2,"minecraft:bone":5,"minecraft:oak_door":3,"minecraft:furnace":2,"minecraft:raw_copper":38,"minecraft:smooth_stone_slab":4,"minecraft:light_gray_terracotta":2,"minecraft:wheat":7,"minecraft:obsidian":1,"jujutsucraft:cursed_technique_changer":1,"minecraft:chicken":1,"minecraft:rotten_flesh":28,"minecraft:clay_ball":1,"minecraft:oak_planks":9,"minecraft:oak_sign":3,"minecraft:salmon":3,"minecraft:pumpkin_seeds":2,"minecraft:flint_and_steel":1,"jujutsucraft:clothes_fushiguro_toji_leggings":1,"minecraft:gray_terracotta":4,"minecraft:gunpowder":10,"minecraft:quartz_block":14,"minecraft:leather_leggings":1,"minecraft:stone_bricks":2,"minecraft:sandstone":1,"minecraft:arrow":6},"minecraft:mined":{"minecraft:light_blue_stained_glass_pane":14,"minecraft:blue_stained_glass_pane":6,"minecraft:oak_door":1,"minecraft:cobblestone_stairs":1,"minecraft:jungle_leaves":1,"minecraft:brewing_stand":2,"minecraft:gray_stained_glass_pane":4,"minecraft:granite":23,"minecraft:dark_oak_fence":8,"minecraft:grass_block":12,"minecraft:decorated_pot":1,"minecraft:white_stained_glass":8,"minecraft:exposed_cut_copper_stairs":1,"minecraft:spruce_leaves":5,"minecraft:moss_block":1,"minecraft:oak_wall_sign":2,"minecraft:sandstone":1,"minecraft:spawner":4,"minecraft:large_fern":2,"minecraft:furnace":2,"minecraft:heavy_weighted_pressure_plate":1,"minecraft:iron_ore":1,"minecraft:barrel":1,"minecraft:anvil":3,"minecraft:enchanting_table":1,"minecraft:bookshelf":1,"minecraft:iron_bars":4,"minecraft:stone":198,"minecraft:smithing_table":1,"minecraft:glass_pane":6,"minecraft:quartz_block":17,"minecraft:stone_brick_slab":1,"minecraft:blue_stained_glass":2,"minecraft:crafting_table":4,"minecraft:light_gray_terracotta":6,"minecraft:gray_stained_glass":4,"minecraft:white_stained_glass_pane":2,"minecraft:chest":3,"minecraft:glass":1,"minecraft:copper_ore":11,"minecraft:cobblestone":3,"minecraft:lapis_ore":10,"minecraft:grindstone":1,"minecraft:diorite":45,"minecraft:iron_door":9,"minecraft:cauldron":1,"minecraft:cobblestone_wall":3,"minecraft:birch_log":6,"minecraft:magenta_bed":2,"minecraft:birch_leaves":1,"minecraft:smooth_stone_slab":2,"minecraft:grass":13,"minecraft:oak_log":10,"minecraft:coal_ore":22,"minecraft:sand":10,"minecraft:dirt":55,"minecraft:cracked_stone_bricks":2,"minecraft:polished_blackstone":1,"minecraft:stonecutter":1,"minecraft:stone_bricks":7,"minecraft:mossy_stone_bricks":1,"minecraft:polished_deepslate_wall":1,"minecraft:oak_leaves":4},"minecraft:custom":{"minecraft:interact_with_smithing_table":4,"minecraft:interact_with_anvil":4,"minecraft:mob_kills":28,"minecraft:interact_with_crafting_table":15,"minecraft:open_barrel":53,"minecraft:damage_dealt_resisted":14,"minecraft:leave_game":6,"minecraft:time_since_death":49767,"minecraft:climb_one_cm":21541,"minecraft:damage_resisted":2520,"minecraft:sprint_one_cm":1629723,"minecraft:walk_one_cm":506671,"minecraft:drop":80,"minecraft:play_time":213402,"minecraft:deaths":12,"minecraft:sneak_time":1189,"minecraft:walk_under_water_one_cm":20119,"minecraft:jump":2646,"minecraft:walk_on_water_one_cm":35897,"minecraft:total_world_time":213402,"minecraft:interact_with_furnace":4,"minecraft:interact_with_cartography_table":2,"minecraft:interact_with_loom":5,"minecraft:sleep_in_bed":1,"minecraft:time_since_rest":19104,"minecraft:damage_taken":7455,"minecraft:damage_dealt":533,"minecraft:swim_one_cm":35549,"minecraft:fly_one_cm":758448,"minecraft:player_kills":2,"minecraft:open_chest":38,"minecraft:crouch_one_cm":2846,"minecraft:fall_one_cm":138005},"minecraft:used":{"minecraft:iron_bars":2,"minecraft:oak_sign":2,"minecraft:oak_door":1,"minecraft:dirt":26,"jujutsucraft:clothes_fushiguro_toji_leggings":1,"minecraft:granite":3,"minecraft:quartz_block":1,"jujutsucraft:clothes_fushiguro_toji_chestplate":1,"jujutsucraft:glasses_maki_leggings":2,"minecraft:stone_pickaxe":214,"minecraft:wooden_pickaxe":59,"minecraft:cauldron":1,"jujutsucraft:uniform_normal_boots":1,"jujutsucraft:cursed_spirit_armoury_chestplate":24,"minecraft:sand":5,"jujutsucraft:uniform_gojo_boots":1,"minecraft:crafting_table":5,"minecraft:magenta_bed":1,"jujutsucraft:uniform_normal_chestplate":2,"minecraft:gray_terracotta":1,"minecraft:iron_pickaxe":207,"jujutsucraft:dragon_bone":13,"minecraft:cobblestone":8,"jujutsucraft:uniform_normal_leggings":1,"minecraft:dark_oak_fence":3},"minecraft:broken":{"minecraft:wooden_pickaxe":1,"minecraft:stone_pickaxe":1}},"DataVersion":3465}