{"stats":{"minecraft:crafted":{"minecraft:oak_planks":40,"minecraft:stone_shovel":1,"minecraft:birch_boat":1,"minecraft:cobblestone_stairs":48,"minecraft:bone_meal":258,"minecraft:stone_pickaxe":3,"minecraft:birch_button":1,"minecraft:oak_slab":36,"minecraft:crafting_table":3,"minecraft:wooden_pickaxe":1,"minecraft:birch_planks":40,"minecraft:oak_boat":1,"minecraft:stick":16,"minecraft:white_bed":2},"minecraft:used":{"minecraft:cherry_sapling":75,"minecraft:spruce_slab":3,"minecraft:stone_shovel":131,"minecraft:white_candle":53,"minecraft:dirt":170,"minecraft:spruce_stairs":3,"minecraft:granite":1,"minecraft:iron_axe":250,"minecraft:barrel":2,"minecraft:egg":6,"minecraft:damaged_anvil":2,"minecraft:cobblestone_stairs":37,"minecraft:stone_pickaxe":394,"minecraft:oak_planks":2,"minecraft:wooden_pickaxe":59,"minecraft:birch_boat":2,"jujutsucraft:uniform_normal_boots":3,"minecraft:stonecutter":2,"minecraft:sand":44,"jujutsucraft:uniform_gojo_boots":2,"minecraft:oak_slab":15,"minecraft:crafting_table":7,"minecraft:loom":1,"minecraft:white_bed":2,"jujutsucraft:uniform_normal_chestplate":1,"minecraft:heavy_weighted_pressure_plate":1,"minecraft:stone_button":2,"minecraft:iron_door":4,"jujutsucraft:dragon_bone":201,"minecraft:gravel":6,"jujutsucraft:naginata":1,"jujutsucraft:fester_life_blade":9,"minecraft:cobblestone":5,"jujutsucraft:uniform_normal_leggings":1,"minecraft:smithing_table":1,"minecraft:oak_boat":3,"minecraft:white_concrete":4,"minecraft:coarse_dirt":2,"minecraft:oak_hanging_sign":1,"minecraft:bone_meal":287},"minecraft:killed":{"jujutsucraft:cursed_spirit_grade_33":1,"jujutsucraft:earthen_insect_trance":2,"minecraft:spider":1,"minecraft:skeleton":11,"jujutsucraft:cursed_spirit_grade_39":1,"jujutsucraft:cursed_spirit_grade_23":2,"jujutsucraft:cursed_spirit_grade_317":2,"jujutsucraft:cockroach_larva":3,"jujutsucraft:cursed_spirit_grade_34":1,"minecraft:wolf":1,"jujutsucraft:kukuru":1,"jujutsucraft:curse_user":1,"minecraft:creeper":2,"jujutsucraft:cursed_spirit_grade_321":1,"minecraft:sheep":9,"jujutsucraft:cursed_spirit_grade_314":1,"minecraft:zombie":4,"jujutsucraft:crow":1,"jujutsucraft:cursed_spirit_grade_36":2,"jujutsucraft:cursed_spirit_grade_322":1,"minecraft:villager":6,"jujutsucraft:q":1},"minecraft:picked_up":{"minecraft:crafting_table":4,"minecraft:coarse_dirt":3,"minecraft:smithing_table":1,"minecraft:birch_button":1,"minecraft:heavy_weighted_pressure_plate":1,"minecraft:string":11,"minecraft:raw_copper":38,"minecraft:iron_axe":1,"minecraft:oak_hanging_sign":2,"jujutsucraftaddon:clan_changer":1,"minecraft:spruce_planks":36,"minecraft:oak_boat":2,"minecraft:spruce_slab":3,"minecraft:spruce_trapdoor":8,"minecraft:egg":6,"minecraft:stick":2,"minecraft:raw_iron":2,"minecraft:torch":192,"minecraft:spruce_stairs":3,"minecraft:stone_button":2,"jujutsucraft:naginata":1,"minecraft:arrow":20,"minecraft:rotten_flesh":18,"minecraft:skeleton_skull":2,"minecraft:white_wool":6,"minecraft:cobblestone":274,"minecraft:birch_log":10,"minecraft:iron_door":4,"minecraft:andesite":24,"minecraft:oak_log":10,"minecraft:gunpowder":12,"minecraft:cobblestone_stairs":1,"minecraft:dirt":183,"minecraft:bone":24,"minecraft:stonecutter":2,"minecraft:wheat_seeds":1,"minecraft:grindstone":1,"minecraft:iron_sword":1,"minecraft:oak_planks":2,"minecraft:oak_slab":11,"minecraft:birch_boat":2,"minecraft:gravel":10,"minecraft:sand":44,"minecraft:grass_block":1,"jujutsucraft:uniform_gojo_chestplate":1,"jujutsucraft:cursed_spirit_armoury_chestplate":1,"minecraft:loom":1,"minecraft:spruce_log":3,"minecraft:barrel":2,"minecraft:white_candle":124,"jujutsucraft:uniform_q_chestplate":1,"minecraft:granite":31,"minecraft:painting":2,"minecraft:cherry_sapling":75,"minecraft:white_concrete":6,"minecraft:damaged_anvil":2,"minecraft:coal":2,"minecraft:ender_pearl":1},"minecraft:dropped":{"minecraft:iron_ingot":8,"minecraft:lapis_lazuli":1,"jujutsucraftaddon:random_ct_changer":1,"minecraft:cobblestone":20,"minecraft:grass_block":1,"minecraft:coal":2,"minecraft:flint":12,"minecraft:stick":4,"minecraft:emerald":5,"minecraft:dirt":13,"jujutsucraft:uniform_q_chestplate":1,"jujutsucraftaddon:clan_changer":1,"minecraft:string":11,"minecraft:bone":23,"minecraft:iron_nugget":35,"minecraft:rotten_flesh":18,"minecraft:grindstone":1,"minecraft:white_candle":7,"minecraft:gunpowder":12,"minecraft:skeleton_skull":2,"minecraft:andesite":24,"minecraft:painting":2,"minecraft:birch_button":1,"minecraft:arrow":19},"minecraft:broken":{"minecraft:wooden_pickaxe":1,"minecraft:stone_pickaxe":3,"minecraft:iron_axe":1,"minecraft:stone_shovel":1},"minecraft:mined":{"minecraft:spruce_planks":36,"minecraft:cobblestone_stairs":1,"minecraft:cherry_sapling":12,"minecraft:sea_lantern":1,"minecraft:spruce_trapdoor":11,"minecraft:granite":31,"minecraft:stone_button":2,"minecraft:grass_block":66,"minecraft:white_concrete":6,"minecraft:spruce_leaves":1,"minecraft:moss_block":1,"minecraft:rooted_dirt":2,"minecraft:large_fern":4,"minecraft:iron_ore":2,"minecraft:barrel":2,"minecraft:dead_fire_coral_wall_fan":1,"minecraft:andesite":24,"minecraft:oak_wall_hanging_sign":1,"minecraft:stone":266,"minecraft:spruce_slab":3,"minecraft:smithing_table":1,"minecraft:oak_slab":11,"minecraft:powder_snow":28,"minecraft:crafting_table":4,"minecraft:dead_bush":1,"minecraft:copper_ore":11,"minecraft:tall_grass":1,"minecraft:white_candle":39,"minecraft:grindstone":1,"minecraft:oak_planks":2,"minecraft:damaged_anvil":2,"minecraft:iron_door":4,"minecraft:skeleton_skull":1,"minecraft:pink_petals":1,"minecraft:spruce_stairs":3,"minecraft:coarse_dirt":15,"minecraft:birch_log":12,"minecraft:spruce_log":3,"minecraft:birch_leaves":1,"minecraft:grass":7,"minecraft:oak_log":10,"minecraft:coal_ore":2,"minecraft:cherry_leaves":1001,"minecraft:loom":1,"minecraft:gravel":13,"minecraft:sand":52,"minecraft:dirt":144,"minecraft:stonecutter":2,"minecraft:oak_leaves":5},"minecraft:custom":{"minecraft:interact_with_smithing_table":1,"minecraft:inspect_dropper":1,"minecraft:mob_kills":56,"minecraft:interact_with_crafting_table":16,"minecraft:open_barrel":64,"minecraft:damage_dealt_resisted":5118,"minecraft:time_since_death":198173,"minecraft:climb_one_cm":299,"minecraft:damage_resisted":8985,"minecraft:sprint_one_cm":1540860,"minecraft:walk_one_cm":396411,"minecraft:drop":28,"minecraft:play_time":198173,"minecraft:sneak_time":168,"minecraft:walk_under_water_one_cm":28186,"minecraft:boat_one_cm":114504,"minecraft:jump":3116,"minecraft:walk_on_water_one_cm":64305,"minecraft:total_world_time":198173,"minecraft:interact_with_loom":1,"minecraft:interact_with_stonecutter":2,"minecraft:time_since_rest":198173,"minecraft:damage_taken":6999,"minecraft:damage_dealt":56,"minecraft:swim_one_cm":140522,"minecraft:fly_one_cm":1560201,"minecraft:open_chest":46,"minecraft:crouch_one_cm":577,"minecraft:fall_one_cm":178273}},"DataVersion":3465}