{"stats":{"minecraft:used":{"jujutsucraft:uniform_normal_leggings":1,"jujutsucraft:uniform_normal_boots":1,"minecraft:oak_hanging_sign":1,"jujutsucraft:uniform_normal_chestplate":1},"minecraft:picked_up":{"minecraft:oak_hanging_sign":1,"minecraft:white_candle":2,"minecraft:arrow":1,"minecraft:bone":1},"minecraft:mined":{"minecraft:grass":1},"minecraft:custom":{"minecraft:open_barrel":11,"minecraft:time_since_rest":12173,"minecraft:open_chest":7,"minecraft:crouch_one_cm":74,"minecraft:play_time":12173,"minecraft:sprint_one_cm":121347,"minecraft:damage_taken":337,"minecraft:walk_one_cm":24321,"minecraft:sneak_time":17,"minecraft:walk_under_water_one_cm":424,"minecraft:mob_kills":1,"minecraft:jump":333,"minecraft:damage_dealt":56,"minecraft:time_since_death":12173,"minecraft:walk_on_water_one_cm":577,"minecraft:climb_one_cm":299,"minecraft:total_world_time":12173,"minecraft:swim_one_cm":3918,"minecraft:fall_one_cm":7195,"minecraft:fly_one_cm":81877}},"DataVersion":3465}