{"stats":{"minecraft:crafted":{"minecraft:oak_slab":36,"minecraft:oak_planks":28,"minecraft:crafting_table":1,"minecraft:wooden_pickaxe":1,"minecraft:cobblestone_stairs":48,"minecraft:stick":8,"minecraft:stone_pickaxe":3},"minecraft:used":{"minecraft:damaged_anvil":2,"minecraft:cobblestone_stairs":37,"minecraft:spruce_slab":3,"minecraft:stone_pickaxe":394,"minecraft:oak_planks":2,"minecraft:wooden_pickaxe":59,"jujutsucraft:uniform_normal_boots":1,"minecraft:white_candle":48,"minecraft:dirt":1,"minecraft:oak_slab":15,"minecraft:crafting_table":5,"minecraft:spruce_stairs":3,"jujutsucraft:uniform_normal_chestplate":1,"minecraft:heavy_weighted_pressure_plate":1,"minecraft:iron_axe":228,"minecraft:stone_button":1,"minecraft:iron_door":4,"jujutsucraft:dragon_bone":197,"minecraft:barrel":1,"jujutsucraft:uniform_normal_leggings":1,"minecraft:white_concrete":4,"minecraft:oak_hanging_sign":1},"minecraft:killed":{"jujutsucraft:earthen_insect_trance":2,"minecraft:sheep":4,"minecraft:villager":5},"minecraft:dropped":{"jujutsucraftaddon:random_ct_changer":1,"minecraft:cobblestone":8,"minecraft:grindstone":1,"minecraft:coal":2,"minecraft:skeleton_skull":2,"jujutsucraftaddon:clan_changer":1},"minecraft:picked_up":{"minecraft:crafting_table":4,"minecraft:iron_door":4,"minecraft:andesite":24,"minecraft:smithing_table":1,"minecraft:oak_log":7,"minecraft:cobblestone_stairs":1,"minecraft:heavy_weighted_pressure_plate":1,"minecraft:dirt":32,"minecraft:raw_copper":38,"minecraft:iron_axe":1,"minecraft:oak_hanging_sign":2,"minecraft:bone":1,"jujutsucraftaddon:clan_changer":1,"minecraft:stonecutter":2,"minecraft:spruce_planks":36,"minecraft:grindstone":1,"minecraft:spruce_slab":3,"minecraft:oak_planks":2,"minecraft:iron_sword":1,"minecraft:spruce_trapdoor":6,"minecraft:oak_slab":11,"minecraft:stick":2,"minecraft:raw_iron":2,"minecraft:torch":192,"minecraft:spruce_stairs":3,"minecraft:gravel":4,"minecraft:stone_button":1,"jujutsucraft:uniform_gojo_chestplate":1,"jujutsucraft:cursed_spirit_armoury_chestplate":1,"minecraft:spruce_log":3,"minecraft:loom":1,"minecraft:barrel":1,"minecraft:white_candle":54,"minecraft:arrow":1,"minecraft:granite":31,"minecraft:painting":1,"minecraft:cherry_sapling":64,"minecraft:white_concrete":6,"minecraft:damaged_anvil":2,"minecraft:coal":2,"minecraft:skeleton_skull":2,"minecraft:white_wool":3,"minecraft:cobblestone":274},"minecraft:mined":{"minecraft:smithing_table":1,"minecraft:oak_slab":11,"minecraft:spruce_planks":36,"minecraft:cobblestone_stairs":1,"minecraft:powder_snow":28,"minecraft:crafting_table":4,"minecraft:granite":31,"minecraft:spruce_trapdoor":6,"minecraft:stone_button":1,"minecraft:grass_block":4,"minecraft:white_concrete":6,"minecraft:copper_ore":11,"minecraft:white_candle":15,"minecraft:oak_planks":2,"minecraft:grindstone":1,"minecraft:damaged_anvil":2,"minecraft:iron_door":4,"minecraft:pink_petals":1,"minecraft:skeleton_skull":1,"minecraft:spruce_stairs":3,"minecraft:iron_ore":2,"minecraft:barrel":1,"minecraft:dead_fire_coral_wall_fan":1,"minecraft:spruce_log":3,"minecraft:birch_leaves":1,"minecraft:andesite":24,"minecraft:grass":2,"minecraft:coal_ore":2,"minecraft:oak_log":7,"minecraft:oak_wall_hanging_sign":1,"minecraft:cherry_leaves":1001,"minecraft:gravel":4,"minecraft:loom":1,"minecraft:dirt":29,"minecraft:stonecutter":2,"minecraft:stone":266,"minecraft:oak_leaves":1,"minecraft:spruce_slab":3},"minecraft:broken":{"minecraft:stone_pickaxe":3,"minecraft:wooden_pickaxe":1},"minecraft:custom":{"minecraft:inspect_dropper":1,"minecraft:mob_kills":12,"minecraft:interact_with_crafting_table":9,"minecraft:open_barrel":24,"minecraft:interact_with_loom":1,"minecraft:damage_dealt_resisted":1008,"minecraft:interact_with_stonecutter":2,"minecraft:time_since_death":90173,"minecraft:climb_one_cm":299,"minecraft:damage_resisted":661,"minecraft:time_since_rest":90173,"minecraft:sprint_one_cm":587252,"minecraft:damage_taken":1328,"minecraft:walk_one_cm":214967,"minecraft:drop":8,"minecraft:damage_dealt":56,"minecraft:swim_one_cm":48774,"minecraft:fly_one_cm":286890,"minecraft:open_chest":26,"minecraft:crouch_one_cm":211,"minecraft:play_time":90173,"minecraft:sneak_time":53,"minecraft:walk_under_water_one_cm":4427,"minecraft:jump":1100,"minecraft:walk_on_water_one_cm":12757,"minecraft:total_world_time":90173,"minecraft:fall_one_cm":49568}},"DataVersion":3465}