{"stats":{"minecraft:crafted":{"minecraft:oak_planks":28,"minecraft:stone_shovel":1,"minecraft:birch_boat":1,"minecraft:cobblestone_stairs":48,"minecraft:bone_meal":258,"minecraft:stone_pickaxe":3,"minecraft:birch_button":1,"minecraft:oak_slab":36,"minecraft:crafting_table":2,"minecraft:wooden_pickaxe":1,"minecraft:birch_planks":40,"minecraft:stick":12,"minecraft:white_bed":2},"minecraft:used":{"minecraft:cherry_sapling":75,"minecraft:spruce_slab":3,"minecraft:stone_shovel":131,"minecraft:white_candle":53,"minecraft:dirt":170,"minecraft:spruce_stairs":3,"minecraft:granite":1,"minecraft:iron_axe":250,"minecraft:barrel":1,"minecraft:damaged_anvil":2,"minecraft:cobblestone_stairs":37,"minecraft:stone_pickaxe":394,"minecraft:oak_planks":2,"minecraft:wooden_pickaxe":59,"minecraft:birch_boat":2,"jujutsucraft:uniform_normal_boots":3,"minecraft:stonecutter":2,"minecraft:sand":44,"jujutsucraft:uniform_gojo_boots":2,"minecraft:oak_slab":15,"minecraft:crafting_table":6,"minecraft:loom":1,"minecraft:white_bed":2,"jujutsucraft:uniform_normal_chestplate":1,"minecraft:heavy_weighted_pressure_plate":1,"minecraft:stone_button":2,"minecraft:iron_door":4,"jujutsucraft:dragon_bone":201,"minecraft:gravel":6,"jujutsucraft:fester_life_blade":9,"minecraft:cobblestone":5,"jujutsucraft:uniform_normal_leggings":1,"minecraft:smithing_table":1,"minecraft:white_concrete":4,"minecraft:coarse_dirt":2,"minecraft:oak_hanging_sign":1,"minecraft:bone_meal":287},"minecraft:killed":{"jujutsucraft:earthen_insect_trance":2,"minecraft:wolf":1,"minecraft:sheep":7,"minecraft:villager":5},"minecraft:dropped":{"jujutsucraftaddon:random_ct_changer":1,"minecraft:cobblestone":8,"minecraft:coal":2,"minecraft:stick":4,"minecraft:dirt":13,"jujutsucraftaddon:clan_changer":1,"minecraft:grindstone":1,"minecraft:skeleton_skull":2,"minecraft:andesite":24,"minecraft:painting":2,"minecraft:birch_button":1},"minecraft:picked_up":{"minecraft:crafting_table":4,"minecraft:coarse_dirt":3,"minecraft:smithing_table":1,"minecraft:birch_button":1,"minecraft:heavy_weighted_pressure_plate":1,"minecraft:raw_copper":38,"minecraft:iron_axe":1,"minecraft:oak_hanging_sign":2,"jujutsucraftaddon:clan_changer":1,"minecraft:spruce_planks":36,"minecraft:spruce_slab":3,"minecraft:spruce_trapdoor":8,"minecraft:stick":2,"minecraft:raw_iron":2,"minecraft:torch":192,"minecraft:spruce_stairs":3,"minecraft:stone_button":2,"minecraft:arrow":1,"minecraft:skeleton_skull":2,"minecraft:white_wool":6,"minecraft:cobblestone":274,"minecraft:birch_log":10,"minecraft:iron_door":4,"minecraft:andesite":24,"minecraft:oak_log":7,"minecraft:cobblestone_stairs":1,"minecraft:dirt":183,"minecraft:bone":1,"minecraft:stonecutter":2,"minecraft:wheat_seeds":1,"minecraft:grindstone":1,"minecraft:iron_sword":1,"minecraft:oak_planks":2,"minecraft:oak_slab":11,"minecraft:birch_boat":2,"minecraft:gravel":10,"minecraft:sand":44,"jujutsucraft:uniform_gojo_chestplate":1,"jujutsucraft:cursed_spirit_armoury_chestplate":1,"minecraft:loom":1,"minecraft:spruce_log":3,"minecraft:barrel":1,"minecraft:white_candle":124,"minecraft:granite":31,"minecraft:painting":2,"minecraft:cherry_sapling":75,"minecraft:white_concrete":6,"minecraft:damaged_anvil":2,"minecraft:coal":2},"minecraft:broken":{"minecraft:wooden_pickaxe":1,"minecraft:stone_pickaxe":3,"minecraft:iron_axe":1,"minecraft:stone_shovel":1},"minecraft:mined":{"minecraft:spruce_planks":36,"minecraft:cobblestone_stairs":1,"minecraft:cherry_sapling":12,"minecraft:sea_lantern":1,"minecraft:spruce_trapdoor":11,"minecraft:granite":31,"minecraft:stone_button":2,"minecraft:grass_block":66,"minecraft:white_concrete":6,"minecraft:spruce_leaves":1,"minecraft:moss_block":1,"minecraft:rooted_dirt":2,"minecraft:large_fern":4,"minecraft:iron_ore":2,"minecraft:barrel":1,"minecraft:dead_fire_coral_wall_fan":1,"minecraft:andesite":24,"minecraft:oak_wall_hanging_sign":1,"minecraft:stone":266,"minecraft:spruce_slab":3,"minecraft:smithing_table":1,"minecraft:oak_slab":11,"minecraft:powder_snow":28,"minecraft:crafting_table":4,"minecraft:dead_bush":1,"minecraft:copper_ore":11,"minecraft:tall_grass":1,"minecraft:white_candle":39,"minecraft:grindstone":1,"minecraft:oak_planks":2,"minecraft:damaged_anvil":2,"minecraft:iron_door":4,"minecraft:skeleton_skull":1,"minecraft:pink_petals":1,"minecraft:spruce_stairs":3,"minecraft:coarse_dirt":15,"minecraft:birch_log":12,"minecraft:spruce_log":3,"minecraft:birch_leaves":1,"minecraft:grass":6,"minecraft:oak_log":7,"minecraft:coal_ore":2,"minecraft:cherry_leaves":1001,"minecraft:loom":1,"minecraft:gravel":10,"minecraft:sand":52,"minecraft:dirt":144,"minecraft:stonecutter":2,"minecraft:oak_leaves":5},"minecraft:custom":{"minecraft:interact_with_smithing_table":1,"minecraft:inspect_dropper":1,"minecraft:mob_kills":16,"minecraft:interact_with_crafting_table":15,"minecraft:open_barrel":49,"minecraft:damage_dealt_resisted":1008,"minecraft:time_since_death":150173,"minecraft:climb_one_cm":299,"minecraft:damage_resisted":1197,"minecraft:sprint_one_cm":1202982,"minecraft:walk_one_cm":307768,"minecraft:drop":14,"minecraft:play_time":150173,"minecraft:sneak_time":137,"minecraft:walk_under_water_one_cm":6543,"minecraft:boat_one_cm":72940,"minecraft:jump":2191,"minecraft:walk_on_water_one_cm":20730,"minecraft:total_world_time":150173,"minecraft:interact_with_loom":1,"minecraft:interact_with_stonecutter":2,"minecraft:time_since_rest":150173,"minecraft:damage_taken":2131,"minecraft:damage_dealt":56,"minecraft:swim_one_cm":71602,"minecraft:fly_one_cm":692910,"minecraft:open_chest":44,"minecraft:crouch_one_cm":453,"minecraft:fall_one_cm":122163}},"DataVersion":3465}