{"stats":{"minecraft:crafted":{"minecraft:oak_planks":40,"minecraft:stone_shovel":1,"minecraft:birch_boat":1,"minecraft:cobblestone_stairs":48,"minecraft:bone_meal":258,"minecraft:stone_pickaxe":3,"minecraft:birch_button":1,"minecraft:oak_slab":36,"minecraft:crafting_table":3,"minecraft:wooden_pickaxe":1,"minecraft:birch_planks":40,"minecraft:oak_boat":1,"minecraft:stick":16,"minecraft:white_bed":2},"minecraft:used":{"minecraft:cherry_sapling":75,"minecraft:stone_shovel":131,"minecraft:spruce_slab":3,"minecraft:redstone":5,"minecraft:oak_sign":1,"minecraft:white_candle":53,"minecraft:torch":33,"minecraft:dirt":176,"minecraft:white_carpet":6,"minecraft:spruce_stairs":3,"minecraft:granite":1,"minecraft:iron_axe":250,"minecraft:barrel":2,"minecraft:egg":6,"jujutsucraft:hammer":25,"minecraft:diorite":7,"minecraft:damaged_anvil":2,"minecraft:cobblestone_stairs":37,"minecraft:stone_pickaxe":394,"minecraft:oak_planks":3,"minecraft:wooden_pickaxe":59,"minecraft:birch_boat":2,"jujutsucraft:uniform_normal_boots":3,"minecraft:stonecutter":2,"jujutsucraft:nyoi_staff":1,"minecraft:dark_oak_trapdoor":1,"minecraft:sand":44,"jujutsucraft:uniform_gojo_boots":2,"minecraft:oak_slab":15,"minecraft:crafting_table":7,"minecraft:loom":1,"minecraft:white_bed":2,"jujutsucraft:uniform_normal_chestplate":1,"minecraft:heavy_weighted_pressure_plate":1,"minecraft:stone_button":2,"minecraft:iron_door":4,"jujutsucraft:dragon_bone":201,"minecraft:gravel":6,"jujutsucraft:naginata":1,"jujutsucraft:fester_life_blade":9,"minecraft:cobblestone":5,"jujutsucraft:uniform_normal_leggings":1,"minecraft:smithing_table":1,"minecraft:oak_boat":3,"minecraft:white_concrete":15,"minecraft:coarse_dirt":2,"minecraft:oak_hanging_sign":1,"minecraft:bone_meal":287},"minecraft:killed":{"jujutsucraft:cursed_spirit_grade_33":1,"jujutsucraft:earthen_insect_trance":2,"minecraft:spider":1,"minecraft:skeleton":11,"jujutsucraft:cursed_spirit_grade_39":1,"jujutsucraft:cursed_spirit_grade_23":2,"jujutsucraft:cursed_spirit_grade_317":2,"jujutsucraft:cockroach_larva":3,"jujutsucraft:cursed_spirit_grade_34":1,"minecraft:wolf":1,"jujutsucraft:kukuru":1,"jujutsucraft:curse_user":1,"minecraft:creeper":2,"jujutsucraft:cursed_spirit_grade_321":1,"minecraft:sheep":9,"jujutsucraft:cursed_spirit_grade_314":1,"minecraft:zombie":4,"jujutsucraft:crow":1,"jujutsucraft:cursed_spirit_grade_36":2,"jujutsucraft:cursed_spirit_grade_322":1,"minecraft:villager":11,"jujutsucraft:q":1},"minecraft:picked_up":{"minecraft:crafting_table":4,"minecraft:coarse_dirt":3,"minecraft:smithing_table":1,"minecraft:birch_button":1,"minecraft:heavy_weighted_pressure_plate":1,"minecraft:dark_oak_trapdoor":1,"minecraft:string":11,"minecraft:raw_copper":38,"minecraft:iron_axe":1,"minecraft:oak_hanging_sign":2,"minecraft:white_carpet":6,"jujutsucraftaddon:clan_changer":1,"minecraft:oak_sign":27,"minecraft:spruce_planks":36,"minecraft:oak_boat":2,"minecraft:spruce_slab":3,"minecraft:spruce_trapdoor":8,"minecraft:egg":6,"minecraft:stick":2,"minecraft:raw_iron":2,"minecraft:torch":193,"minecraft:spruce_stairs":3,"minecraft:stone_button":2,"minecraft:diorite":16,"minecraft:redstone":6,"minecraft:rotten_flesh":18,"minecraft:arrow":20,"jujutsucraft:naginata":1,"jujutsucraft:hammer":1,"minecraft:skeleton_skull":2,"minecraft:white_wool":6,"minecraft:cobblestone":274,"minecraft:birch_log":10,"minecraft:iron_door":4,"minecraft:andesite":24,"jujutsucraft:sword_kusakabe":1,"minecraft:oak_log":10,"minecraft:cobblestone_stairs":1,"minecraft:gunpowder":12,"minecraft:dirt":189,"minecraft:bone":24,"minecraft:stonecutter":2,"minecraft:wheat_seeds":1,"jujutsucraft:mei_mei_axe":1,"minecraft:grindstone":1,"minecraft:iron_sword":1,"minecraft:oak_planks":2,"jujutsucraft:dragon_bone":1,"minecraft:oak_slab":11,"minecraft:birch_boat":2,"minecraft:gravel":10,"minecraft:sand":44,"jujutsucraft:uniform_gojo_chestplate":1,"jujutsucraft:cursed_spirit_armoury_chestplate":1,"minecraft:grass_block":1,"minecraft:spruce_log":3,"minecraft:loom":1,"minecraft:barrel":2,"minecraft:white_candle":124,"minecraft:granite":31,"jujutsucraft:uniform_q_chestplate":1,"minecraft:painting":2,"minecraft:cherry_sapling":75,"minecraft:white_concrete":17,"minecraft:damaged_anvil":2,"minecraft:coal":2,"minecraft:ender_pearl":1},"minecraft:dropped":{"minecraft:iron_ingot":8,"minecraft:lapis_lazuli":1,"jujutsucraftaddon:random_ct_changer":1,"minecraft:cobblestone":20,"minecraft:grass_block":1,"minecraft:coal":2,"minecraft:emerald":5,"minecraft:stick":4,"minecraft:flint":12,"minecraft:dirt":13,"minecraft:diorite":4,"jujutsucraft:uniform_q_chestplate":1,"jujutsucraftaddon:clan_changer":1,"minecraft:string":11,"minecraft:bone":23,"minecraft:iron_nugget":35,"minecraft:rotten_flesh":18,"minecraft:grindstone":1,"minecraft:white_candle":7,"minecraft:oak_sign":13,"minecraft:gunpowder":12,"minecraft:skeleton_skull":2,"minecraft:andesite":24,"minecraft:painting":2,"minecraft:birch_button":1,"minecraft:arrow":19},"minecraft:broken":{"minecraft:wooden_pickaxe":1,"minecraft:stone_pickaxe":3,"minecraft:iron_axe":1,"minecraft:stone_shovel":1},"minecraft:mined":{"minecraft:spruce_planks":36,"minecraft:cobblestone_stairs":1,"minecraft:cherry_sapling":12,"minecraft:sea_lantern":1,"minecraft:spruce_trapdoor":11,"minecraft:granite":31,"minecraft:stone_button":2,"minecraft:grass_block":69,"minecraft:redstone_wire":7,"minecraft:white_concrete":17,"minecraft:spruce_leaves":1,"minecraft:moss_block":1,"minecraft:rooted_dirt":2,"minecraft:large_fern":4,"minecraft:dark_oak_trapdoor":1,"minecraft:iron_ore":2,"minecraft:barrel":2,"minecraft:dead_fire_coral_wall_fan":1,"minecraft:andesite":24,"minecraft:oak_wall_hanging_sign":1,"minecraft:stone":266,"minecraft:spruce_slab":3,"minecraft:smithing_table":1,"minecraft:oak_slab":11,"minecraft:powder_snow":29,"minecraft:crafting_table":4,"minecraft:white_stained_glass_pane":1,"minecraft:dead_bush":1,"minecraft:tall_grass":1,"minecraft:copper_ore":11,"minecraft:white_candle":39,"minecraft:grindstone":1,"minecraft:oak_planks":3,"minecraft:damaged_anvil":2,"minecraft:diorite":12,"minecraft:iron_door":4,"minecraft:wall_torch":1,"minecraft:pink_petals":1,"minecraft:skeleton_skull":1,"minecraft:spruce_stairs":3,"minecraft:coarse_dirt":15,"minecraft:birch_log":12,"minecraft:white_carpet":6,"minecraft:spruce_log":3,"minecraft:birch_leaves":4,"minecraft:grass":7,"minecraft:oak_log":10,"minecraft:coal_ore":2,"minecraft:cherry_leaves":1001,"minecraft:loom":1,"minecraft:gravel":13,"minecraft:sand":52,"minecraft:dirt":148,"minecraft:stonecutter":2,"minecraft:oak_leaves":5},"minecraft:custom":{"minecraft:interact_with_smithing_table":1,"minecraft:inspect_dropper":1,"minecraft:mob_kills":61,"minecraft:inspect_hopper":1,"minecraft:interact_with_crafting_table":19,"minecraft:open_barrel":89,"minecraft:bell_ring":2,"minecraft:damage_dealt_resisted":5118,"minecraft:leave_game":1,"minecraft:time_since_death":257853,"minecraft:climb_one_cm":4889,"minecraft:damage_resisted":12803,"minecraft:sprint_one_cm":1970326,"minecraft:walk_one_cm":489788,"minecraft:drop":30,"minecraft:talked_to_villager":14,"minecraft:play_time":257853,"minecraft:sneak_time":312,"minecraft:walk_under_water_one_cm":28186,"minecraft:boat_one_cm":114504,"minecraft:interact_with_brewingstand":12,"minecraft:jump":3680,"minecraft:interact_with_blast_furnace":2,"minecraft:walk_on_water_one_cm":64767,"minecraft:total_world_time":257853,"minecraft:interact_with_loom":1,"minecraft:interact_with_stonecutter":2,"minecraft:time_since_rest":257853,"minecraft:damage_taken":7269,"minecraft:trigger_trapped_chest":6,"minecraft:damage_dealt":256,"minecraft:swim_one_cm":140522,"minecraft:fly_one_cm":2119658,"minecraft:open_chest":95,"minecraft:crouch_one_cm":772,"minecraft:fall_one_cm":212685,"minecraft:inspect_dispenser":4}},"DataVersion":3465}