{"stats":{"minecraft:killed_by":{"jujutsucraft:nishimiya_momo":1,"jujutsucraft:negi_toshihisa":1,"jujutsucraft:curse_user":3,"jujutsucraft:cursed_spirit_grade_03":1},"minecraft:killed":{"minecraft:sheep":2,"minecraft:zombie":1},"minecraft:picked_up":{"minecraft:birch_log":6,"minecraft:crafting_table":1,"minecraft:sandstone":1,"minecraft:sand":6,"minecraft:oak_log":7,"minecraft:cauldron":1,"minecraft:string":5,"minecraft:dirt":43,"minecraft:oak_sign":2,"minecraft:light_gray_terracotta":2,"minecraft:arrow":6,"minecraft:bone":5,"minecraft:rotten_flesh":9,"minecraft:gray_terracotta":5,"minecraft:granite":7,"minecraft:mutton":3,"minecraft:white_wool":2,"minecraft:cobblestone":42},"minecraft:crafted":{"minecraft:oak_door":3,"minecraft:oak_planks":28,"minecraft:oak_sign":3,"minecraft:crafting_table":1,"minecraft:wooden_pickaxe":1,"minecraft:stick":4},"minecraft:dropped":{"jujutsucraftaddon:random_ct_changer":1,"jujutsucraft:cursed_technique_changer":1},"minecraft:mined":{"minecraft:large_fern":1,"minecraft:blue_stained_glass_pane":2,"minecraft:birch_log":6,"minecraft:birch_leaves":1,"minecraft:crafting_table":1,"minecraft:granite":7,"minecraft:grass":2,"minecraft:grass_block":2,"minecraft:oak_log":7,"minecraft:white_stained_glass":4,"minecraft:sand":7,"minecraft:dirt":41,"minecraft:glass":1,"minecraft:spruce_leaves":4,"minecraft:stone":42,"minecraft:oak_wall_sign":2,"minecraft:sandstone":1,"minecraft:oak_leaves":2},"minecraft:custom":{"minecraft:time_since_rest":26997,"minecraft:interact_with_furnace":1,"minecraft:sprint_one_cm":94044,"minecraft:damage_taken":3473,"minecraft:walk_one_cm":218655,"minecraft:mob_kills":3,"minecraft:interact_with_anvil":1,"minecraft:drop":2,"minecraft:damage_dealt":494,"minecraft:interact_with_crafting_table":8,"minecraft:fly_one_cm":103529,"minecraft:swim_one_cm":21934,"minecraft:crouch_one_cm":1526,"minecraft:play_time":56893,"minecraft:deaths":6,"minecraft:sneak_time":395,"minecraft:walk_under_water_one_cm":10673,"minecraft:jump":603,"minecraft:damage_dealt_resisted":14,"minecraft:walk_on_water_one_cm":13138,"minecraft:time_since_death":26965,"minecraft:total_world_time":56893,"minecraft:climb_one_cm":4375,"minecraft:fall_one_cm":15490},"minecraft:used":{"minecraft:gray_terracotta":1,"minecraft:oak_sign":2,"minecraft:wooden_pickaxe":53,"minecraft:cauldron":1,"jujutsucraft:uniform_normal_boots":1,"minecraft:oak_door":1,"minecraft:sand":5,"minecraft:dirt":26,"minecraft:crafting_table":2,"jujutsucraft:uniform_normal_leggings":1,"jujutsucraft:uniform_normal_chestplate":1}},"DataVersion":3465}