{"stats":{"minecraft:killed_by":{"jujutsucraft:negi_toshihisa":1,"jujutsucraft:nishimiya_momo":1,"jujutsucraft:cursed_spirit_grade_03":1,"jujutsucraft:curse_user":3},"minecraft:killed":{"minecraft:sheep":2,"minecraft:zombie":1},"minecraft:picked_up":{"minecraft:birch_log":6,"minecraft:crafting_table":1,"minecraft:oak_log":7,"minecraft:dirt":43,"minecraft:lapis_lazuli":16,"minecraft:string":5,"minecraft:bone":5,"minecraft:oak_sign":2,"minecraft:gray_terracotta":5,"minecraft:sandstone":1,"minecraft:oak_door":1,"minecraft:sand":6,"minecraft:diorite":13,"minecraft:cauldron":1,"minecraft:light_gray_terracotta":2,"minecraft:arrow":6,"minecraft:rotten_flesh":9,"minecraft:granite":18,"minecraft:mutton":3,"minecraft:coal":22,"minecraft:white_wool":2,"minecraft:cobblestone":119},"minecraft:crafted":{"minecraft:oak_door":3,"minecraft:oak_planks":28,"minecraft:oak_sign":3,"minecraft:crafting_table":1,"minecraft:wooden_pickaxe":1,"minecraft:stick":8,"minecraft:stone_pickaxe":1},"minecraft:dropped":{"jujutsucraftaddon:random_ct_changer":1,"jujutsucraft:cursed_technique_changer":1},"minecraft:mined":{"minecraft:blue_stained_glass_pane":2,"minecraft:oak_door":1,"minecraft:crafting_table":1,"minecraft:granite":18,"minecraft:grass_block":2,"minecraft:white_stained_glass":4,"minecraft:glass":1,"minecraft:spruce_leaves":4,"minecraft:lapis_ore":2,"minecraft:oak_wall_sign":2,"minecraft:diorite":22,"minecraft:sandstone":1,"minecraft:large_fern":1,"minecraft:birch_log":6,"minecraft:birch_leaves":1,"minecraft:grass":2,"minecraft:oak_log":7,"minecraft:coal_ore":22,"minecraft:sand":7,"minecraft:dirt":41,"minecraft:stone":119,"minecraft:oak_leaves":2},"minecraft:custom":{"minecraft:interact_with_furnace":1,"minecraft:interact_with_anvil":1,"minecraft:mob_kills":3,"minecraft:interact_with_crafting_table":9,"minecraft:damage_dealt_resisted":14,"minecraft:time_since_death":38965,"minecraft:climb_one_cm":4375,"minecraft:time_since_rest":38997,"minecraft:sprint_one_cm":94245,"minecraft:damage_taken":3604,"minecraft:walk_one_cm":234020,"minecraft:drop":2,"minecraft:damage_dealt":494,"minecraft:swim_one_cm":21934,"minecraft:fly_one_cm":106772,"minecraft:crouch_one_cm":1526,"minecraft:play_time":68893,"minecraft:deaths":6,"minecraft:sneak_time":395,"minecraft:walk_under_water_one_cm":11133,"minecraft:jump":645,"minecraft:walk_on_water_one_cm":13230,"minecraft:total_world_time":68893,"minecraft:fall_one_cm":16808},"minecraft:used":{"minecraft:stone_pickaxe":129,"minecraft:oak_sign":2,"minecraft:wooden_pickaxe":59,"jujutsucraft:uniform_normal_boots":1,"minecraft:cauldron":1,"minecraft:oak_door":1,"minecraft:dirt":26,"minecraft:sand":5,"minecraft:crafting_table":2,"jujutsucraft:uniform_normal_chestplate":1,"minecraft:gray_terracotta":1,"minecraft:cobblestone":7,"jujutsucraft:uniform_normal_leggings":1},"minecraft:broken":{"minecraft:wooden_pickaxe":1}},"DataVersion":3465}