{"stats":{"minecraft:crafted":{"minecraft:oak_planks":28,"minecraft:crafting_table":1,"minecraft:stick":4,"minecraft:stone_pickaxe":1,"minecraft:wooden_pickaxe":1},"minecraft:used":{"minecraft:iron_axe":9,"minecraft:wooden_pickaxe":3,"jujutsucraft:uniform_normal_boots":1,"minecraft:barrel":1,"minecraft:crafting_table":2,"jujutsucraft:uniform_normal_leggings":1,"minecraft:oak_hanging_sign":1,"jujutsucraft:uniform_normal_chestplate":1},"minecraft:killed":{"jujutsucraft:earthen_insect_trance":2},"minecraft:dropped":{"jujutsucraftaddon:random_ct_changer":1,"jujutsucraftaddon:clan_changer":1},"minecraft:picked_up":{"minecraft:crafting_table":2,"minecraft:oak_log":7,"jujutsucraft:cursed_spirit_armoury_chestplate":1,"minecraft:barrel":1,"minecraft:iron_axe":1,"minecraft:oak_hanging_sign":1,"minecraft:white_candle":2,"minecraft:bone":1,"minecraft:arrow":1,"jujutsucraftaddon:clan_changer":1,"minecraft:iron_sword":1,"minecraft:cobblestone":3},"minecraft:mined":{"minecraft:barrel":1,"minecraft:crafting_table":2,"minecraft:grass":1,"minecraft:oak_log":7,"minecraft:stone":3,"minecraft:oak_leaves":1},"minecraft:custom":{"minecraft:time_since_rest":24173,"minecraft:sprint_one_cm":201375,"minecraft:damage_taken":554,"minecraft:walk_one_cm":59289,"minecraft:mob_kills":3,"minecraft:drop":2,"minecraft:damage_dealt":56,"minecraft:swim_one_cm":10847,"minecraft:interact_with_crafting_table":2,"minecraft:fly_one_cm":100517,"minecraft:open_barrel":24,"minecraft:open_chest":7,"minecraft:crouch_one_cm":144,"minecraft:play_time":24173,"minecraft:sneak_time":37,"minecraft:walk_under_water_one_cm":1017,"minecraft:jump":387,"minecraft:damage_dealt_resisted":1008,"minecraft:walk_on_water_one_cm":2627,"minecraft:time_since_death":24173,"minecraft:total_world_time":24173,"minecraft:climb_one_cm":299,"minecraft:damage_resisted":145,"minecraft:fall_one_cm":8207}},"DataVersion":3465}