{"stats":{"minecraft:killed_by":{"minecraft:player":1,"jujutsucraft:nishimiya_momo":1,"jujutsucraft:negi_toshihisa":1,"jujutsucraft:cursed_spirit_grade_03":1,"jujutsucraft:curse_user":3},"minecraft:killed":{"minecraft:pig":1,"minecraft:sheep":2,"minecraft:zombie":1,"jujutsucraft:crow":1,"minecraft:chicken":1},"minecraft:picked_up":{"minecraft:birch_log":6,"minecraft:crafting_table":2,"minecraft:feather":1,"jujutsucraft:slaughter_demon":1,"minecraft:chicken":2,"minecraft:iron_door":3,"minecraft:anvil":2,"minecraft:salmon":3,"minecraft:oak_log":8,"minecraft:brewing_stand":1,"minecraft:gunpowder":10,"minecraft:string":5,"minecraft:lapis_lazuli":16,"minecraft:dirt":43,"minecraft:raw_copper":38,"minecraft:bone":5,"minecraft:oak_sign":2,"minecraft:gray_terracotta":5,"jujutsucraftaddon:cellphone":1,"minecraft:chest":2,"minecraft:furnace":2,"jujutsucraft:dragon_bone":2,"minecraft:sandstone":1,"minecraft:oak_door":1,"minecraft:porkchop":2,"minecraft:sand":8,"jujutsucraft:cursed_spirit_armoury_chestplate":1,"minecraft:diorite":35,"minecraft:grass_block":1,"minecraft:redstone":2,"minecraft:cauldron":1,"minecraft:quartz_block":11,"jujutsucraft:clothes_fushiguro_toji_chestplate":1,"minecraft:light_gray_terracotta":2,"minecraft:pumpkin_seeds":2,"minecraft:arrow":6,"jujutsucraft:clothes_fushiguro_toji_leggings":1,"minecraft:rotten_flesh":28,"minecraft:granite":18,"minecraft:bone_meal":1,"minecraft:grass":2,"minecraft:coal":22,"minecraft:mutton":3,"minecraft:cod":6,"minecraft:white_wool":2,"minecraft:cobblestone":189},"minecraft:crafted":{"minecraft:oak_door":3,"minecraft:oak_planks":28,"minecraft:oak_sign":3,"minecraft:crafting_table":1,"minecraft:wooden_pickaxe":1,"minecraft:stick":8,"minecraft:stone_pickaxe":2},"minecraft:mined":{"minecraft:light_blue_stained_glass_pane":14,"minecraft:glass_pane":4,"minecraft:quartz_block":12,"minecraft:blue_stained_glass_pane":2,"minecraft:oak_door":1,"minecraft:jungle_leaves":1,"minecraft:blue_stained_glass":2,"minecraft:brewing_stand":1,"minecraft:gray_stained_glass_pane":4,"minecraft:crafting_table":2,"minecraft:granite":18,"minecraft:grass_block":2,"minecraft:chest":2,"minecraft:white_stained_glass":6,"minecraft:glass":1,"minecraft:copper_ore":11,"minecraft:cobblestone":1,"minecraft:spruce_leaves":4,"minecraft:lapis_ore":2,"minecraft:iron_door":4,"minecraft:sandstone":1,"minecraft:oak_wall_sign":2,"minecraft:diorite":37,"minecraft:large_fern":1,"minecraft:furnace":2,"minecraft:cobblestone_wall":1,"minecraft:birch_log":6,"minecraft:birch_leaves":1,"minecraft:anvil":2,"minecraft:grass":9,"minecraft:coal_ore":22,"minecraft:oak_log":8,"minecraft:sand":10,"minecraft:dirt":41,"minecraft:stone":121,"minecraft:oak_leaves":3},"minecraft:dropped":{"minecraft:oak_door":3,"minecraft:porkchop":2,"minecraft:lapis_lazuli":16,"minecraft:oak_log":1,"minecraft:raw_copper":38,"minecraft:light_gray_terracotta":2,"minecraft:wheat":7,"jujutsucraftaddon:random_ct_changer":1,"jujutsucraft:cursed_technique_changer":1,"minecraft:chicken":1,"minecraft:cobblestone":174,"minecraft:rotten_flesh":28,"minecraft:clay_ball":1,"minecraft:oak_planks":5,"minecraft:granite":18,"minecraft:oak_sign":3,"minecraft:salmon":3,"minecraft:grass_block":1,"minecraft:pumpkin_seeds":2,"minecraft:coal":22,"minecraft:cod":6,"minecraft:stick":1,"minecraft:dirt":17,"minecraft:grass":2,"minecraft:gray_terracotta":4,"minecraft:gunpowder":10,"minecraft:diorite":35,"minecraft:mutton":3,"minecraft:dead_bush":1,"minecraft:bone_meal":1,"minecraft:sandstone":1,"jujutsucraftaddon:cellphone":1,"minecraft:sand":2,"minecraft:arrow":6,"minecraft:cactus":3,"minecraft:string":5,"jujutsucraft:dragon_bone":2,"minecraft:birch_log":6,"minecraft:white_wool":2,"minecraft:bone":5,"minecraft:redstone":2},"minecraft:custom":{"minecraft:interact_with_furnace":3,"minecraft:interact_with_anvil":1,"minecraft:mob_kills":8,"minecraft:interact_with_crafting_table":10,"minecraft:damage_dealt_resisted":14,"minecraft:leave_game":2,"minecraft:time_since_death":17373,"minecraft:damage_resisted":1179,"minecraft:climb_one_cm":4375,"minecraft:time_since_rest":17439,"minecraft:sprint_one_cm":345032,"minecraft:damage_taken":5381,"minecraft:walk_one_cm":301583,"minecraft:drop":59,"minecraft:damage_dealt":494,"minecraft:swim_one_cm":23966,"minecraft:player_kills":2,"minecraft:fly_one_cm":341445,"minecraft:play_time":115883,"minecraft:crouch_one_cm":2087,"minecraft:open_chest":3,"minecraft:sneak_time":993,"minecraft:deaths":9,"minecraft:walk_under_water_one_cm":16334,"minecraft:jump":1077,"minecraft:walk_on_water_one_cm":25846,"minecraft:total_world_time":115883,"minecraft:fall_one_cm":41783},"minecraft:used":{"minecraft:stone_pickaxe":214,"minecraft:cauldron":1,"minecraft:oak_sign":2,"minecraft:wooden_pickaxe":59,"jujutsucraft:uniform_normal_boots":1,"minecraft:oak_door":1,"jujutsucraft:cursed_spirit_armoury_chestplate":10,"minecraft:dirt":26,"minecraft:sand":5,"jujutsucraft:uniform_gojo_boots":1,"minecraft:crafting_table":2,"jujutsucraft:clothes_fushiguro_toji_leggings":1,"jujutsucraft:uniform_normal_chestplate":2,"minecraft:gray_terracotta":1,"minecraft:iron_pickaxe":1,"jujutsucraft:clothes_fushiguro_toji_chestplate":1,"jujutsucraft:dragon_bone":7,"minecraft:cobblestone":8,"jujutsucraft:uniform_normal_leggings":1,"jujutsucraft:glasses_maki_leggings":2},"minecraft:broken":{"minecraft:stone_pickaxe":1,"minecraft:wooden_pickaxe":1}},"DataVersion":3465}