{"stats":{"minecraft:dropped":{"jujutsucraftaddon:random_ct_changer":1,"jujutsucraft:cursed_technique_changer":1},"minecraft:killed":{"minecraft:villager":3,"jujutsucraft:cursed_spirit_grade_321":1},"minecraft:picked_up":{"jujutsucraft:sword_black":1,"jujutsucraft:cursed_technique_changer":1},"minecraft:killed_by":{"minecraft:player":1,"jujutsucraft:cursed_spirit_grade_13":1},"minecraft:custom":{"minecraft:time_since_rest":112,"minecraft:crouch_one_cm":1522,"minecraft:sprint_one_cm":37908,"minecraft:play_time":22280,"minecraft:damage_taken":825,"minecraft:deaths":2,"minecraft:walk_one_cm":16426,"minecraft:sneak_time":771,"minecraft:mob_kills":5,"minecraft:drop":2,"minecraft:damage_dealt_resisted":493,"minecraft:jump":76,"minecraft:leave_game":6,"minecraft:walk_on_water_one_cm":634,"minecraft:time_since_death":0,"minecraft:total_world_time":22280,"minecraft:fall_one_cm":1703,"minecraft:fly_one_cm":21191,"minecraft:player_kills":1}},"DataVersion":3465}