{"stats":{"minecraft:custom":{"minecraft:jump":68,"minecraft:time_since_rest":4270,"minecraft:damage_taken":90,"minecraft:leave_game":9,"minecraft:time_since_death":4243,"minecraft:play_time":10389,"minecraft:sprint_one_cm":1404,"minecraft:walk_one_cm":10850,"minecraft:walk_on_water_one_cm":369,"minecraft:deaths":1,"minecraft:total_world_time":10389,"minecraft:fall_one_cm":3471,"minecraft:fly_one_cm":6115},"minecraft:mined":{"minecraft:spruce_leaves":4},"minecraft:used":{"minecraft:pig_spawn_egg":1}},"DataVersion":3465}