{"stats":{"minecraft:crafted":{"minecraft:wooden_sword":1,"minecraft:oak_planks":24,"minecraft:wooden_shovel":1,"minecraft:crafting_table":1,"minecraft:wooden_pickaxe":1,"minecraft:stick":8,"minecraft:wooden_axe":1},"minecraft:custom":{"minecraft:time_since_rest":17694,"minecraft:crouch_one_cm":458,"minecraft:sprint_one_cm":8612,"minecraft:play_time":17694,"minecraft:damage_taken":20,"minecraft:walk_one_cm":18105,"minecraft:sneak_time":174,"minecraft:mob_kills":1,"minecraft:drop":5,"minecraft:jump":58,"minecraft:leave_game":6,"minecraft:walk_on_water_one_cm":620,"minecraft:time_since_death":17694,"minecraft:total_world_time":17694,"minecraft:interact_with_crafting_table":3,"minecraft:fall_one_cm":1240,"minecraft:fly_one_cm":14378},"minecraft:dropped":{"minecraft:porkchop":2,"jujutsucraftaddon:random_ct_changer":1,"minecraft:oak_sapling":1,"jujutsucraft:uniform_geto_leggings":1},"minecraft:mined":{"minecraft:oak_log":6,"minecraft:spruce_leaves":3,"minecraft:crafting_table":1,"minecraft:oak_leaves":2},"minecraft:killed":{"minecraft:pig":1},"minecraft:picked_up":{"minecraft:crafting_table":1,"jujutsucraft:uniform_geto_leggings":1,"minecraft:porkchop":5,"minecraft:oak_log":6,"minecraft:oak_sapling":1,"jujutsucraftaddon:race_changer":1},"minecraft:used":{"minecraft:wooden_axe":1,"minecraft:crafting_table":1,"jujutsucraft:uniform_normal_leggings":1,"jujutsucraft:clothes_geto_leggings":1,"jujutsucraft:clothes_geto_chestplate":2,"jujutsucraft:uniform_normal_chestplate":3}},"DataVersion":3465}