{"stats":{"minecraft:custom":{"minecraft:time_since_rest":6644,"minecraft:leave_game":2,"minecraft:play_time":6644,"minecraft:time_since_death":6644,"minecraft:walk_one_cm":3625,"minecraft:sneak_time":100,"minecraft:total_world_time":6644,"minecraft:drop":2},"minecraft:picked_up":{"jujutsucraft:uniform_geto_leggings":1,"jujutsucraftaddon:race_changer":1},"minecraft:used":{"jujutsucraft:clothes_geto_leggings":1,"jujutsucraft:clothes_geto_chestplate":2,"jujutsucraft:uniform_normal_chestplate":3,"jujutsucraft:uniform_normal_leggings":1},"minecraft:dropped":{"jujutsucraftaddon:random_ct_changer":1,"jujutsucraft:uniform_geto_leggings":1}},"DataVersion":3465}