{"stats":{"minecraft:crafted":{"minecraft:oak_planks":24},"minecraft:custom":{"minecraft:time_since_rest":13408,"minecraft:crouch_one_cm":444,"minecraft:play_time":13408,"minecraft:sprint_one_cm":2403,"minecraft:walk_one_cm":8560,"minecraft:sneak_time":153,"minecraft:drop":3,"minecraft:jump":19,"minecraft:leave_game":3,"minecraft:time_since_death":13408,"minecraft:total_world_time":13408,"minecraft:fall_one_cm":418,"minecraft:fly_one_cm":7737},"minecraft:dropped":{"jujutsucraftaddon:random_ct_changer":1,"minecraft:oak_sapling":1,"jujutsucraft:uniform_geto_leggings":1},"minecraft:mined":{"minecraft:oak_log":6,"minecraft:oak_leaves":2},"minecraft:picked_up":{"jujutsucraft:uniform_geto_leggings":1,"minecraft:oak_log":6,"minecraft:oak_sapling":1,"jujutsucraftaddon:race_changer":1},"minecraft:used":{"jujutsucraft:uniform_normal_leggings":1,"jujutsucraft:clothes_geto_leggings":1,"jujutsucraft:clothes_geto_chestplate":2,"jujutsucraft:uniform_normal_chestplate":3}},"DataVersion":3465}