{"stats":{"minecraft:killed_by":{"jujutsucraft:cursed_spirit_grade_25":1,"jujutsucraft:cursed_spirit_grade_01":2,"minecraft:player":1,"jujutsucraft:jogo":1,"jujutsucraft:cursed_spirit_grade_27":1,"jujutsucraft:cursed_spirit_grade_22":1,"jujutsucraft:cursed_spirit_grade_26":1},"minecraft:custom":{"minecraft:time_since_rest":54807,"minecraft:damage_taken":6462,"minecraft:sprint_one_cm":631383,"minecraft:walk_one_cm":424403,"minecraft:trigger_trapped_chest":1,"minecraft:mob_kills":47,"minecraft:drop":16,"minecraft:damage_dealt":311,"minecraft:swim_one_cm":1932,"minecraft:fly_one_cm":336925,"minecraft:play_time":114177,"minecraft:open_barrel":12,"minecraft:open_chest":17,"minecraft:crouch_one_cm":750,"minecraft:sneak_time":306,"minecraft:deaths":8,"minecraft:walk_under_water_one_cm":29530,"minecraft:pot_flower":1,"minecraft:jump":2129,"minecraft:damage_dealt_resisted":760,"minecraft:interact_with_brewingstand":1,"minecraft:leave_game":2,"minecraft:time_since_death":54775,"minecraft:walk_on_water_one_cm":21902,"minecraft:total_world_time":114177,"minecraft:climb_one_cm":2027,"minecraft:fall_one_cm":66545},"minecraft:dropped":{"minecraft:spruce_leaves":1,"jujutsucraft:uniform_normal_leggings":1,"minecraft:rotten_flesh":4,"jujutsucraft:sword_okkotsu_yuta":2,"jujutsucraft:naginata":1,"jujutsucraft:clothes_kusakabe_chestplate":1,"jujutsucraft:uniform_normal_helmet":1,"minecraft:birch_slab":3,"minecraft:bone":2},"minecraft:mined":{"minecraft:powder_snow":1,"minecraft:grass_block":1,"minecraft:oak_log":1,"minecraft:dirt":1},"minecraft:killed":{"minecraft:skeleton":1,"jujutsucraft:cursed_spirit_grade_39":1,"jujutsucraft:cursed_spirit_grade_314":2,"minecraft:zombie":2,"minecraft:pig":3,"jujutsucraft:crow":3,"minecraft:bee":1,"minecraft:chicken":7,"minecraft:salmon":13,"minecraft:spider":1,"minecraft:drowned":1,"jujutsucraft:cursed_spirit_grade_38":1,"jujutsucraft:cursed_spirit_grade_317":2,"jujutsucraft:curse_user_1":1,"jujutsucraft:cursed_spirit_grade_318":1,"jujutsucraft:cursed_spirit_grade_315":2,"jujutsucraft:cursed_spirit_grade_316":1,"jujutsucraft:cursed_spirit_grade_319":2,"jujutsucraft:cursed_spirit_grade_322":1,"jujutsucraft:cursed_spirit_grade_321":1},"minecraft:picked_up":{"minecraft:spruce_leaves":1,"jujutsucraft:clothes_kusakabe_chestplate":1,"minecraft:sandstone":1,"minecraft:feather":4,"jujutsucraft:uniform_normal_helmet":1,"minecraft:chicken":7,"minecraft:birch_slab":3,"minecraft:salmon":11,"jujutsucraft:uniform_normal_boots":1,"jujutsucraft:sword_okkotsu_yuta":2,"minecraft:porkchop":3,"minecraft:oak_log":1,"minecraft:dirt":2,"jujutsucraft:uniform_normal_leggings":1,"minecraft:bone":2,"minecraft:arrow":1,"jujutsucraft:naginata":1,"minecraft:rotten_flesh":4,"minecraft:bone_meal":1,"minecraft:ender_pearl":1,"minecraft:egg":2},"minecraft:used":{"jujutsucraft:uniform_okkotsu_chestplate":1,"jujutsucraft:uniform_normal_boots":1,"minecraft:dirt":2,"jujutsucraft:uniform_normal_leggings":1,"jujutsucraft:uniform_normal_chestplate":1,"minecraft:oak_log":1}},"DataVersion":3465}