{"stats":{"minecraft:killed_by":{"jujutsucraft:cursed_spirit_grade_25":1,"jujutsucraft:choso":1,"jujutsucraft:cursed_spirit_grade_01":2,"minecraft:player":6,"jujutsucraft:negi_toshihisa":1,"jujutsucraft:jogo":1,"jujutsucraft:cursed_spirit_grade_22":2,"jujutsucraft:ishigori_ryu":1,"jujutsucraft:cursed_spirit_grade_26":1,"jujutsucraft:miguel_dancer":1,"jujutsucraft:cursed_spirit_grade_27":1},"minecraft:crafted":{"minecraft:oak_planks":4},"minecraft:custom":{"minecraft:mob_kills":68,"minecraft:open_barrel":12,"minecraft:pot_flower":1,"minecraft:damage_dealt_resisted":3546,"minecraft:leave_game":2,"minecraft:time_since_death":11957,"minecraft:climb_one_cm":2027,"minecraft:damage_resisted":671,"minecraft:time_since_rest":11980,"minecraft:sprint_one_cm":1175069,"minecraft:damage_taken":13343,"minecraft:walk_one_cm":657431,"minecraft:trigger_trapped_chest":1,"minecraft:drop":41,"minecraft:damage_dealt":311,"minecraft:swim_one_cm":1932,"minecraft:fly_one_cm":718925,"minecraft:open_chest":18,"minecraft:crouch_one_cm":962,"minecraft:play_time":186177,"minecraft:deaths":18,"minecraft:sneak_time":374,"minecraft:walk_under_water_one_cm":33785,"minecraft:jump":3538,"minecraft:interact_with_brewingstand":1,"minecraft:walk_on_water_one_cm":40960,"minecraft:total_world_time":186177,"minecraft:fall_one_cm":119053},"minecraft:dropped":{"jujutsu_kaisen_gt_2:left_sign_item":1,"minecraft:porkchop":3,"jujutsucraft:uniform_normal_leggings":1,"minecraft:chicken":7,"minecraft:rotten_flesh":4,"jujutsucraft:sword_okkotsu_yuta":2,"minecraft:leather":1,"jujutsucraft:naginata":1,"jujutsu_kaisen_gt_2:hand_sign_item":1,"minecraft:grass_block":1,"minecraft:salmon":1,"minecraft:birch_slab":3,"minecraft:spruce_leaves":1,"minecraft:snow":2,"jujutsucraft:clothes_kusakabe_chestplate":1,"jujutsucraft:uniform_normal_helmet":1,"minecraft:beef":6,"jujutsucraftaddon:race_changer":2,"minecraft:bone":2},"minecraft:mined":{"minecraft:powder_snow":1,"minecraft:grass_block":1,"minecraft:oak_log":2,"minecraft:dirt":1},"minecraft:killed":{"jujutsucraft:cursed_spirit_grade_32":1,"jujutsucraft:transfigured_human_3":1,"jujutsucraft:cursed_spirit_grade_31":1,"minecraft:pig":3,"minecraft:salmon":14,"minecraft:spider":1,"jujutsucraft:cursed_spirit_grade_35":1,"jujutsucraft:cursed_spirit_grade_318":1,"jujutsucraft:cursed_spirit_grade_316":1,"jujutsucraft:curse_user_1":1,"jujutsucraft:cursed_spirit_grade_321":5,"minecraft:skeleton":1,"jujutsucraft:cursed_spirit_grade_39":4,"jujutsucraft:cursed_spirit_grade_313":1,"jujutsucraft:cursed_spirit_grade_314":4,"minecraft:zombie":2,"jujutsucraft:crow":3,"minecraft:bee":1,"minecraft:chicken":7,"jujutsucraft:cursed_spirit_grade_36":1,"minecraft:drowned":2,"jujutsucraft:cursed_spirit_grade_317":2,"jujutsucraft:cursed_spirit_grade_315":2,"jujutsucraft:cursed_spirit_grade_212":1,"jujutsucraft:cursed_spirit_grade_38":2,"jujutsucraft:cursed_spirit_grade_319":3,"jujutsucraft:cursed_spirit_grade_322":1,"minecraft:villager":1},"minecraft:picked_up":{"minecraft:spruce_leaves":1,"jujutsucraft:clothes_kusakabe_chestplate":1,"minecraft:feather":4,"minecraft:chicken":7,"minecraft:birch_slab":3,"minecraft:salmon":12,"minecraft:leather":1,"jujutsucraft:uniform_normal_boots":1,"minecraft:oak_log":2,"jujutsucraftaddon:race_changer":3,"minecraft:dirt":2,"minecraft:lantern":3,"jujutsucraft:uniform_normal_leggings":1,"minecraft:snow":2,"minecraft:bone":2,"minecraft:beef":6,"minecraft:poppy":1,"minecraft:egg":6,"jujutsucraft:nyoi_staff":1,"minecraft:sandstone":1,"jujutsucraft:uniform_normal_helmet":1,"jujutsucraft:item_master_simple_domain":1,"jujutsucraft:sword_okkotsu_yuta":2,"minecraft:porkchop":3,"minecraft:grass_block":1,"minecraft:rotten_flesh":4,"minecraft:arrow":1,"jujutsucraft:naginata":1,"minecraft:bone_meal":1,"minecraft:skeleton_skull":2,"minecraft:white_wool":1,"minecraft:ender_pearl":1},"minecraft:used":{"jujutsucraft:uniform_okkotsu_chestplate":1,"minecraft:oak_planks":4,"minecraft:poppy":1,"jujutsucraft:uniform_normal_boots":1,"minecraft:dirt":2,"jujutsucraft:uniform_normal_chestplate":1,"minecraft:oak_log":1,"minecraft:lantern":3,"jujutsucraft:uniform_normal_leggings":1,"minecraft:skeleton_skull":1}},"DataVersion":3465}