{"stats":{"minecraft:used":{"jujutsucraft:uniform_okkotsu_chestplate":1,"jujutsucraft:uniform_normal_boots":1,"jujutsucraft:uniform_normal_leggings":1,"jujutsucraft:uniform_normal_chestplate":1},"minecraft:custom":{"minecraft:jump":65,"minecraft:time_since_rest":3424,"minecraft:sprint_one_cm":481,"minecraft:play_time":3424,"minecraft:damage_taken":20,"minecraft:time_since_death":3424,"minecraft:walk_one_cm":8120,"minecraft:total_world_time":3424,"minecraft:fall_one_cm":1716,"minecraft:fly_one_cm":496}},"DataVersion":3465}