{"stats":{"minecraft:used":{"jujutsucraft:uniform_okkotsu_chestplate":1,"jujutsucraft:uniform_normal_leggings":1,"jujutsucraft:uniform_normal_boots":1,"jujutsucraft:uniform_normal_chestplate":1},"minecraft:dropped":{"jujutsucraft:naginata":1,"jujutsucraft:clothes_kusakabe_chestplate":1,"jujutsucraft:uniform_normal_helmet":1,"jujutsucraft:uniform_normal_leggings":1},"minecraft:picked_up":{"jujutsucraft:uniform_normal_leggings":1,"jujutsucraft:clothes_kusakabe_chestplate":1,"jujutsucraft:uniform_normal_helmet":1,"jujutsucraft:naginata":1,"jujutsucraft:uniform_normal_boots":1},"minecraft:custom":{"minecraft:time_since_rest":12776,"minecraft:crouch_one_cm":750,"minecraft:play_time":12776,"minecraft:sprint_one_cm":24486,"minecraft:damage_taken":254,"minecraft:walk_one_cm":59195,"minecraft:sneak_time":166,"minecraft:drop":4,"minecraft:jump":201,"minecraft:leave_game":1,"minecraft:time_since_death":12776,"minecraft:total_world_time":12776,"minecraft:fall_one_cm":4884,"minecraft:fly_one_cm":7133}},"DataVersion":3465}