{"stats":{"minecraft:picked_up":{"minecraft:crafting_table":1,"jujutsucraftaddon:clan_changer":1,"minecraft:oak_log":6,"minecraft:mutton":2,"jujutsucraftaddon:race_changer":1,"minecraft:white_wool":1},"minecraft:crafted":{"minecraft:wooden_sword":1,"minecraft:oak_button":2,"minecraft:oak_planks":24,"minecraft:crafting_table":1,"minecraft:stick":16,"minecraft:wooden_pickaxe":1,"minecraft:wooden_axe":1},"minecraft:mined":{"minecraft:oak_log":6,"minecraft:crafting_table":1,"minecraft:oak_leaves":2},"minecraft:dropped":{"jujutsucraftaddon:clan_changer":1,"jujutsucraftaddon:race_changer":1,"jujutsucraftaddon:random_ct_changer":1,"jujutsucraft:cursed_technique_changer":1},"minecraft:custom":{"minecraft:time_since_rest":25634,"minecraft:crouch_one_cm":499,"minecraft:play_time":25634,"minecraft:sprint_one_cm":35898,"minecraft:damage_taken":23,"minecraft:walk_one_cm":27257,"minecraft:sneak_time":194,"minecraft:walk_under_water_one_cm":1185,"minecraft:drop":4,"minecraft:jump":169,"minecraft:walk_on_water_one_cm":1279,"minecraft:time_since_death":25634,"minecraft:total_world_time":25634,"minecraft:interact_with_crafting_table":5,"minecraft:fall_one_cm":2972,"minecraft:fly_one_cm":32622},"minecraft:used":{"minecraft:wooden_axe":1,"minecraft:crafting_table":1}},"DataVersion":3465}