{"stats":{"minecraft:killed_by":{"jujutsucraft:cursed_spirit_grade_215":1},"minecraft:killed":{"minecraft:phantom":3},"minecraft:picked_up":{"minecraft:crafting_table":1,"jujutsucraftaddon:clan_changer":1,"jujutsucraft:cursed_technique_changer":1,"minecraft:oak_log":6,"minecraft:birch_sapling":1,"minecraft:phantom_membrane":2,"jujutsucraftaddon:race_changer":1,"minecraft:mutton":4,"minecraft:white_wool":1},"minecraft:crafted":{"minecraft:wooden_sword":1,"minecraft:oak_button":2,"minecraft:oak_planks":24,"minecraft:crafting_table":1,"minecraft:stick":16,"minecraft:wooden_pickaxe":1,"minecraft:wooden_axe":1},"minecraft:mined":{"minecraft:oak_log":6,"minecraft:oak_leaves":2,"minecraft:crafting_table":1},"minecraft:dropped":{"jujutsucraftaddon:clan_changer":1,"minecraft:mutton":4,"jujutsucraftaddon:race_changer":1,"jujutsucraftaddon:random_ct_changer":1,"jujutsucraft:cursed_technique_changer":1},"minecraft:custom":{"minecraft:time_since_rest":608,"minecraft:deaths":3,"minecraft:crouch_one_cm":515,"minecraft:play_time":37309,"minecraft:sprint_one_cm":71385,"minecraft:damage_taken":1557,"minecraft:walk_one_cm":61010,"minecraft:sneak_time":233,"minecraft:walk_under_water_one_cm":1185,"minecraft:mob_kills":3,"minecraft:drop":5,"minecraft:damage_dealt_resisted":12,"minecraft:jump":314,"minecraft:damage_dealt":90,"minecraft:time_since_death":583,"minecraft:walk_on_water_one_cm":2520,"minecraft:interact_with_crafting_table":5,"minecraft:total_world_time":37309,"minecraft:fall_one_cm":16108,"minecraft:fly_one_cm":132180},"minecraft:used":{"minecraft:wooden_axe":1,"minecraft:crafting_table":1}},"DataVersion":3465}