{"stats":{"minecraft:picked_up":{"jujutsucraftaddon:clan_changer":1,"jujutsucraftaddon:race_changer":1},"minecraft:dropped":{"jujutsucraftaddon:clan_changer":1,"jujutsucraftaddon:race_changer":1,"jujutsucraftaddon:random_ct_changer":1,"jujutsucraft:cursed_technique_changer":1},"minecraft:custom":{"minecraft:jump":36,"minecraft:time_since_rest":13634,"minecraft:crouch_one_cm":499,"minecraft:sprint_one_cm":6177,"minecraft:play_time":13634,"minecraft:damage_taken":3,"minecraft:time_since_death":13634,"minecraft:walk_one_cm":12779,"minecraft:sneak_time":135,"minecraft:total_world_time":13634,"minecraft:fall_one_cm":418,"minecraft:drop":4,"minecraft:fly_one_cm":8728}},"DataVersion":3465}