{"stats":{"minecraft:picked_up":{"jujutsucraftaddon:clan_changer":1,"jujutsucraftaddon:race_changer":1},"minecraft:dropped":{"jujutsucraftaddon:clan_changer":1,"jujutsucraftaddon:race_changer":1,"jujutsucraftaddon:random_ct_changer":1,"jujutsucraft:cursed_technique_changer":1},"minecraft:custom":{"minecraft:jump":5,"minecraft:time_since_rest":1634,"minecraft:crouch_one_cm":106,"minecraft:sprint_one_cm":962,"minecraft:play_time":1634,"minecraft:time_since_death":1634,"minecraft:walk_one_cm":3582,"minecraft:sneak_time":32,"minecraft:total_world_time":1634,"minecraft:drop":4,"minecraft:fly_one_cm":830}},"DataVersion":3465}