{"stats":{"minecraft:killed_by":{"jujutsucraft:choso":1,"minecraft:player":5,"jujutsucraft:cursed_spirit_grade_215":1},"minecraft:killed":{"minecraft:sheep":2,"minecraft:phantom":3},"minecraft:picked_up":{"jujutsucraft:dragon_bone":1,"minecraft:crafting_table":1,"jujutsucraft:cursed_technique_changer":1,"minecraft:oak_log":6,"minecraft:spruce_sapling":1,"minecraft:grass_block":4,"jujutsucraftaddon:race_changer":1,"minecraft:dirt":7,"jujutsucraftaddon:clan_changer":1,"minecraft:sugar_cane":1,"minecraft:mutton":7,"minecraft:birch_sapling":1,"minecraft:oak_leaves":1,"minecraft:phantom_membrane":2,"minecraft:white_wool":4},"minecraft:crafted":{"minecraft:wooden_sword":1,"minecraft:oak_planks":24,"minecraft:crafting_table":1,"minecraft:stick":16,"minecraft:wooden_pickaxe":1,"minecraft:wooden_axe":1,"minecraft:oak_button":2},"minecraft:dropped":{"jujutsu_kaisen_gt_2:left_sign_item":2,"minecraft:mutton":4,"jujutsucraftaddon:random_ct_changer":1,"jujutsucraft:cursed_technique_changer":1,"jujutsucraftaddon:clan_changer":1,"jujutsucraft:dragon_bone":1,"jujutsucraftaddon:race_changer":1},"minecraft:mined":{"minecraft:large_fern":3,"minecraft:crafting_table":1,"minecraft:grass":2,"minecraft:grass_block":3,"minecraft:oak_log":6,"minecraft:dirt":4,"minecraft:spruce_leaves":7,"minecraft:fern":2,"minecraft:white_wool":1,"minecraft:oak_leaves":3},"minecraft:custom":{"minecraft:time_since_rest":11706,"minecraft:sprint_one_cm":249706,"minecraft:damage_taken":5004,"minecraft:walk_one_cm":174460,"minecraft:mob_kills":5,"minecraft:drop":8,"minecraft:damage_dealt":249,"minecraft:swim_one_cm":6676,"minecraft:interact_with_crafting_table":5,"minecraft:fly_one_cm":288562,"minecraft:open_chest":1,"minecraft:crouch_one_cm":1172,"minecraft:play_time":79261,"minecraft:deaths":10,"minecraft:sneak_time":426,"minecraft:walk_under_water_one_cm":3760,"minecraft:jump":850,"minecraft:damage_dealt_resisted":12,"minecraft:leave_game":1,"minecraft:walk_on_water_one_cm":4761,"minecraft:time_since_death":11680,"minecraft:climb_one_cm":3250,"minecraft:total_world_time":79261,"minecraft:fall_one_cm":34888},"minecraft:used":{"minecraft:wooden_axe":1,"minecraft:white_wool":1,"minecraft:dirt":7,"minecraft:crafting_table":1,"minecraft:crossbow":1,"minecraft:experience_bottle":1}},"DataVersion":3465}