{"stats":{"minecraft:killed_by":{"jujutsucraft:choso":1,"jujutsucraft:cursed_spirit_grade_215":1},"minecraft:killed":{"minecraft:phantom":3},"minecraft:picked_up":{"minecraft:crafting_table":1,"jujutsucraft:cursed_technique_changer":1,"minecraft:oak_log":6,"minecraft:grass_block":4,"jujutsucraftaddon:race_changer":1,"jujutsucraftaddon:clan_changer":1,"minecraft:sugar_cane":1,"minecraft:mutton":4,"minecraft:birch_sapling":1,"minecraft:oak_leaves":1,"minecraft:phantom_membrane":2,"minecraft:white_wool":1},"minecraft:crafted":{"minecraft:wooden_sword":1,"minecraft:oak_planks":24,"minecraft:crafting_table":1,"minecraft:stick":16,"minecraft:wooden_pickaxe":1,"minecraft:wooden_axe":1,"minecraft:oak_button":2},"minecraft:mined":{"minecraft:crafting_table":1,"minecraft:oak_log":6,"minecraft:oak_leaves":2},"minecraft:dropped":{"jujutsu_kaisen_gt_2:left_sign_item":2,"minecraft:mutton":4,"jujutsucraftaddon:random_ct_changer":1,"jujutsucraft:cursed_technique_changer":1,"jujutsucraftaddon:clan_changer":1,"jujutsucraftaddon:race_changer":1},"minecraft:custom":{"minecraft:time_since_rest":844,"minecraft:sprint_one_cm":102501,"minecraft:damage_taken":2627,"minecraft:walk_one_cm":85480,"minecraft:mob_kills":3,"minecraft:drop":7,"minecraft:damage_dealt":90,"minecraft:interact_with_crafting_table":5,"minecraft:fly_one_cm":184782,"minecraft:crouch_one_cm":515,"minecraft:play_time":49309,"minecraft:deaths":5,"minecraft:sneak_time":243,"minecraft:walk_under_water_one_cm":1185,"minecraft:jump":418,"minecraft:damage_dealt_resisted":12,"minecraft:walk_on_water_one_cm":2520,"minecraft:time_since_death":796,"minecraft:total_world_time":49309,"minecraft:fall_one_cm":19724},"minecraft:used":{"minecraft:wooden_axe":1,"minecraft:crafting_table":1}},"DataVersion":3465}