{"stats":{"minecraft:killed_by":{"jujutsucraft:choso":1,"minecraft:player":4,"jujutsucraft:cursed_spirit_grade_215":1},"minecraft:killed":{"minecraft:sheep":2,"minecraft:phantom":3},"minecraft:picked_up":{"jujutsucraft:dragon_bone":1,"minecraft:crafting_table":1,"jujutsucraft:cursed_technique_changer":1,"minecraft:oak_log":6,"minecraft:grass_block":4,"jujutsucraftaddon:race_changer":1,"minecraft:dirt":2,"jujutsucraftaddon:clan_changer":1,"minecraft:sugar_cane":1,"minecraft:mutton":7,"minecraft:birch_sapling":1,"minecraft:oak_leaves":1,"minecraft:phantom_membrane":2,"minecraft:white_wool":3},"minecraft:crafted":{"minecraft:wooden_sword":1,"minecraft:oak_planks":24,"minecraft:crafting_table":1,"minecraft:stick":16,"minecraft:wooden_pickaxe":1,"minecraft:wooden_axe":1,"minecraft:oak_button":2},"minecraft:mined":{"minecraft:crafting_table":1,"minecraft:grass":2,"minecraft:grass_block":2,"minecraft:oak_log":6,"minecraft:oak_leaves":2},"minecraft:dropped":{"jujutsu_kaisen_gt_2:left_sign_item":2,"minecraft:mutton":4,"jujutsucraftaddon:random_ct_changer":1,"jujutsucraft:cursed_technique_changer":1,"jujutsucraftaddon:clan_changer":1,"jujutsucraft:dragon_bone":1,"jujutsucraftaddon:race_changer":1},"minecraft:custom":{"minecraft:time_since_rest":3838,"minecraft:sprint_one_cm":154425,"minecraft:damage_taken":4431,"minecraft:walk_one_cm":136282,"minecraft:mob_kills":5,"minecraft:drop":8,"minecraft:damage_dealt":249,"minecraft:interact_with_crafting_table":5,"minecraft:fly_one_cm":237070,"minecraft:crouch_one_cm":699,"minecraft:play_time":67309,"minecraft:deaths":9,"minecraft:sneak_time":271,"minecraft:walk_under_water_one_cm":1185,"minecraft:jump":613,"minecraft:damage_dealt_resisted":12,"minecraft:walk_on_water_one_cm":2659,"minecraft:time_since_death":3791,"minecraft:total_world_time":67309,"minecraft:fall_one_cm":26052},"minecraft:used":{"minecraft:wooden_axe":1,"minecraft:dirt":2,"minecraft:crafting_table":1}},"DataVersion":3465}