{"stats":{"minecraft:picked_up":{"minecraft:light_gray_terracotta":1,"jujutsu_kaisen_gt_2:left_sign_item":1},"minecraft:custom":{"minecraft:time_since_rest":24812,"minecraft:crouch_one_cm":497,"minecraft:play_time":24812,"minecraft:sprint_one_cm":3602,"minecraft:walk_one_cm":21178,"minecraft:sneak_time":819,"minecraft:mob_kills":26,"minecraft:drop":1,"minecraft:damage_dealt_resisted":4122,"minecraft:jump":17,"minecraft:damage_dealt":7109,"minecraft:leave_game":2,"minecraft:time_since_death":24812,"minecraft:total_world_time":25673,"minecraft:fall_one_cm":209,"minecraft:fly_one_cm":480144},"minecraft:dropped":{"jujutsu_kaisen_gt_2:left_sign_item":1},"minecraft:killed":{"jujutsucraft:ember_insect":1,"minecraft:skeleton":1,"minecraft:spider":7,"jujutsucraft:cursed_spirit_grade_318":1,"minecraft:zombie":5,"minecraft:witch":7,"minecraft:creeper":2,"jujutsucraftaddon:shoko_ieri_school":2},"minecraft:used":{"jujutsucraft:gojo_satoru_school_days_spawn_egg":3,"jujutsucraft:sukuna_finger":37,"jujutsucraft:jogo_spawn_egg":1,"jujutsucraftaddon:sword_okkotsu":3}},"DataVersion":3465}