{"stats":{"minecraft:used":{"jujutsucraft:nyoi_staff":3,"jujutsucraft:clothes_uraume_helmet":1},"minecraft:killed":{"minecraft:pig":10,"minecraft:squid":4,"minecraft:cow":2},"minecraft:picked_up":{"jujutsucraft:nyoi_staff":4,"minecraft:leather":2,"minecraft:beef":5,"minecraft:porkchop":17},"minecraft:dropped":{"jujutsucraft:nyoi_staff":4,"jujutsucraftaddon:random_ct_changer":1,"jujutsucraft:uniform_normal_chestplate":1},"minecraft:custom":{"minecraft:time_since_rest":33420,"minecraft:open_chest":4,"minecraft:crouch_one_cm":482,"minecraft:play_time":33420,"minecraft:sprint_one_cm":33662,"minecraft:damage_taken":150,"minecraft:walk_one_cm":161591,"minecraft:sneak_time":68,"minecraft:walk_under_water_one_cm":153,"minecraft:mob_kills":16,"minecraft:drop":6,"minecraft:jump":123,"minecraft:leave_game":1,"minecraft:time_since_death":33420,"minecraft:walk_on_water_one_cm":1945,"minecraft:total_world_time":33420,"minecraft:swim_one_cm":2143,"minecraft:fall_one_cm":3239,"minecraft:fly_one_cm":18556}},"DataVersion":3465}