{"stats":{"minecraft:used":{"jujutsucraft:nyoi_staff":4,"jujutsucraft:clothes_uraume_helmet":1},"minecraft:picked_up":{"jujutsucraft:nyoi_staff":6,"minecraft:leather":2,"minecraft:beef":5,"minecraft:porkchop":17,"minecraft:spruce_slab":2},"minecraft:dropped":{"jujutsucraft:nyoi_staff":6,"jujutsucraftaddon:random_ct_changer":1,"jujutsucraft:uniform_normal_chestplate":1},"minecraft:killed":{"jujutsucraft:earthen_insect_trance":2,"minecraft:pig":10,"minecraft:villager":1,"minecraft:squid":4,"minecraft:cow":2},"minecraft:custom":{"minecraft:time_since_rest":45420,"minecraft:open_chest":4,"minecraft:crouch_one_cm":642,"minecraft:play_time":45420,"minecraft:sprint_one_cm":42295,"minecraft:damage_taken":852,"minecraft:walk_one_cm":226827,"minecraft:sneak_time":93,"minecraft:walk_under_water_one_cm":153,"minecraft:mob_kills":19,"minecraft:drop":8,"minecraft:jump":233,"minecraft:leave_game":1,"minecraft:time_since_death":45420,"minecraft:walk_on_water_one_cm":1945,"minecraft:total_world_time":45420,"minecraft:swim_one_cm":2143,"minecraft:fall_one_cm":5960,"minecraft:fly_one_cm":36667,"minecraft:player_kills":1}},"DataVersion":3465}