{"stats":{"minecraft:crafted":{"minecraft:oak_planks":32,"minecraft:crafting_table":1},"minecraft:used":{"jujutsucraft:nyoi_staff":5,"minecraft:spruce_slab":2,"jujutsucraft:clothes_uraume_helmet":1},"minecraft:picked_up":{"jujutsucraft:nyoi_staff":7,"minecraft:leather":2,"minecraft:beef":5,"minecraft:porkchop":17,"minecraft:oak_log":9,"minecraft:oak_sapling":1,"minecraft:spruce_slab":2},"minecraft:dropped":{"jujutsucraft:nyoi_staff":7,"jujutsucraftaddon:random_ct_changer":1,"jujutsucraft:uniform_normal_chestplate":1,"jujutsucraft:gavel":1},"minecraft:killed":{"jujutsucraft:earthen_insect_trance":2,"jujutsucraft:cursed_spirit_grade_32":1,"jujutsucraft:cursed_spirit_grade_35":1,"minecraft:pig":10,"jujutsucraft:cursed_spirit_grade_310":1,"minecraft:villager":4,"minecraft:squid":4,"minecraft:cow":2},"minecraft:mined":{"minecraft:oak_log":9},"minecraft:custom":{"minecraft:open_barrel":8,"minecraft:time_since_rest":81420,"minecraft:open_chest":37,"minecraft:crouch_one_cm":1197,"minecraft:play_time":81420,"minecraft:sprint_one_cm":107273,"minecraft:damage_taken":1571,"minecraft:walk_one_cm":306030,"minecraft:sneak_time":159,"minecraft:walk_under_water_one_cm":833,"minecraft:mob_kills":25,"minecraft:drop":10,"minecraft:damage_dealt_resisted":853,"minecraft:jump":613,"minecraft:damage_dealt":72,"minecraft:leave_game":1,"minecraft:time_since_death":81420,"minecraft:walk_on_water_one_cm":4893,"minecraft:total_world_time":81420,"minecraft:swim_one_cm":7334,"minecraft:fall_one_cm":14994,"minecraft:fly_one_cm":96121,"minecraft:player_kills":1}},"DataVersion":3465}