{"stats":{"minecraft:used":{"jujutsucraft:clothes_uraume_helmet":1},"minecraft:custom":{"minecraft:jump":25,"minecraft:open_chest":1,"minecraft:time_since_rest":21420,"minecraft:walk_on_water_one_cm":1945,"minecraft:crouch_one_cm":221,"minecraft:sprint_one_cm":21475,"minecraft:leave_game":1,"minecraft:play_time":21420,"minecraft:damage_taken":10,"minecraft:time_since_death":21420,"minecraft:walk_one_cm":45942,"minecraft:sneak_time":38,"minecraft:total_world_time":21420,"minecraft:walk_under_water_one_cm":153,"minecraft:swim_one_cm":2143,"minecraft:fall_one_cm":544,"minecraft:fly_one_cm":2164}},"DataVersion":3465}