{"stats":{"minecraft:crafted":{"minecraft:oak_planks":32,"minecraft:crafting_table":1},"minecraft:used":{"jujutsucraft:nyoi_staff":4,"minecraft:spruce_slab":1,"jujutsucraft:clothes_uraume_helmet":1},"minecraft:picked_up":{"jujutsucraft:nyoi_staff":7,"minecraft:leather":2,"minecraft:beef":5,"minecraft:porkchop":17,"minecraft:oak_log":9,"minecraft:spruce_slab":2},"minecraft:dropped":{"jujutsucraft:nyoi_staff":7,"jujutsucraftaddon:random_ct_changer":1,"jujutsucraft:uniform_normal_chestplate":1},"minecraft:killed":{"jujutsucraft:earthen_insect_trance":2,"minecraft:pig":10,"minecraft:villager":1,"minecraft:squid":4,"minecraft:cow":2},"minecraft:mined":{"minecraft:oak_log":9},"minecraft:custom":{"minecraft:open_barrel":8,"minecraft:time_since_rest":57420,"minecraft:open_chest":10,"minecraft:crouch_one_cm":773,"minecraft:play_time":57420,"minecraft:sprint_one_cm":63825,"minecraft:damage_taken":922,"minecraft:walk_one_cm":256548,"minecraft:sneak_time":106,"minecraft:walk_under_water_one_cm":435,"minecraft:mob_kills":19,"minecraft:drop":9,"minecraft:jump":415,"minecraft:leave_game":1,"minecraft:time_since_death":57420,"minecraft:walk_on_water_one_cm":3615,"minecraft:total_world_time":57420,"minecraft:swim_one_cm":2143,"minecraft:fall_one_cm":9924,"minecraft:fly_one_cm":50527,"minecraft:player_kills":1}},"DataVersion":3465}