{"stats":{"minecraft:crafted":{"minecraft:oak_planks":32,"minecraft:crafting_table":1},"minecraft:used":{"minecraft:iron_axe":1,"minecraft:spruce_slab":2,"jujutsucraft:clothes_uraume_helmet":1,"jujutsucraft:nyoi_staff":6},"minecraft:picked_up":{"jujutsucraft:nyoi_staff":7,"minecraft:leather":2,"minecraft:porkchop":17,"minecraft:oak_log":9,"minecraft:zombie_head":1,"minecraft:rotten_flesh":3,"minecraft:beef":5,"minecraft:spruce_slab":2,"minecraft:oak_sapling":1},"minecraft:killed":{"jujutsucraft:cursed_spirit_grade_32":3,"minecraft:zombie":2,"minecraft:pig":10,"jujutsucraft:cursed_spirit_grade_310":1,"jujutsucraft:needle":2,"jujutsucraft:earthen_insect_trance":2,"jujutsucraft:cursed_spirit_grade_35":1,"minecraft:villager":4,"minecraft:squid":4,"minecraft:cow":2},"minecraft:dropped":{"jujutsucraft:nyoi_staff":7,"jujutsucraftaddon:random_ct_changer":1,"jujutsucraft:uniform_normal_chestplate":1,"jujutsucraft:gavel":1},"minecraft:mined":{"minecraft:oak_log":9,"minecraft:zombie_head":1},"minecraft:killed_by":{"jujutsucraft:cursed_spirit_grade_13":1},"minecraft:custom":{"minecraft:time_since_rest":2845,"minecraft:sprint_one_cm":111718,"minecraft:damage_taken":2397,"minecraft:walk_one_cm":334746,"minecraft:mob_kills":32,"minecraft:drop":10,"minecraft:damage_dealt":78,"minecraft:swim_one_cm":7334,"minecraft:fly_one_cm":101394,"minecraft:player_kills":1,"minecraft:open_barrel":19,"minecraft:open_chest":37,"minecraft:crouch_one_cm":1243,"minecraft:play_time":85326,"minecraft:deaths":1,"minecraft:sneak_time":163,"minecraft:walk_under_water_one_cm":833,"minecraft:jump":623,"minecraft:damage_dealt_resisted":1504,"minecraft:leave_game":2,"minecraft:walk_on_water_one_cm":4893,"minecraft:time_since_death":2819,"minecraft:total_world_time":85326,"minecraft:fall_one_cm":15405}},"DataVersion":3465}