{"stats":{"minecraft:picked_up":{"jujutsucraftaddon:clan_changer":2,"jujutsucraftaddon:cellphone":1,"jujutsucraftaddon:race_changer":1},"minecraft:dropped":{"jujutsucraftaddon:clan_changer":2,"jujutsucraftaddon:cellphone":2,"jujutsucraft:uniform_normal_leggings":1,"jujutsucraft:uniform_normal_boots":1,"jujutsucraftaddon:random_ct_changer":1,"jujutsucraft:uniform_normal_chestplate":1,"jujutsucraft:cursed_technique_changer":1},"minecraft:custom":{"minecraft:time_since_rest":27423,"minecraft:crouch_one_cm":945,"minecraft:sprint_one_cm":39563,"minecraft:play_time":27423,"minecraft:damage_taken":286,"minecraft:walk_one_cm":47447,"minecraft:sneak_time":233,"minecraft:walk_under_water_one_cm":10883,"minecraft:drop":9,"minecraft:jump":362,"minecraft:leave_game":1,"minecraft:walk_on_water_one_cm":11169,"minecraft:time_since_death":27423,"minecraft:total_world_time":27423,"minecraft:swim_one_cm":13507,"minecraft:fall_one_cm":12148,"minecraft:fly_one_cm":68149},"minecraft:used":{"jujutsucraft:uniform_normal_leggings":1,"jujutsucraft:uniform_normal_boots":1,"jujutsucraft:uniform_normal_chestplate":1}},"DataVersion":3465}