{"stats":{"minecraft:crafted":{"minecraft:oak_planks":96,"minecraft:crafting_table":1,"minecraft:spruce_planks":20},"minecraft:used":{"minecraft:lantern":1,"minecraft:oak_planks":2,"minecraft:spruce_planks":15,"jujutsucraft:fester_life_blade":72,"minecraft:oak_sapling":1},"minecraft:dropped":{"jujutsucraft:clothes_miguel_leggings":2,"jujutsucraft:kurourushi_body_chestplate":1,"jujutsucraft:uniform_normal_leggings":1,"minecraft:stone_button":1,"jujutsucraft:kurourushi_body_leggings":1,"jujutsucraftaddon:random_ct_changer":1,"minecraft:oak_sapling":2,"jujutsucraft:clothes_miguel_chestplate":2,"jujutsucraft:clothes_nanami_leggings":1,"jujutsucraft:kurourushi_body_helmet":3,"jujutsucraft:fester_life_blade":4,"minecraft:oak_leaves":1,"jujutsucraft:clothes_nanami_chestplate":1,"jujutsucraft:uniform_normal_chestplate":1,"minecraft:spruce_sapling":2,"minecraft:stick":3},"minecraft:picked_up":{"minecraft:stick":3,"jujutsucraft:uniform_higuruma_leggings":1,"jujutsucraft:kurourushi_body_helmet":2,"minecraft:torch":128,"minecraft:soul_torch":64,"minecraft:stone_button":1,"minecraft:oak_log":34,"minecraft:spruce_sapling":2,"minecraft:spruce_log":5,"jujutsucraft:fester_life_blade":4,"minecraft:lantern":1,"jujutsucraft:uniform_higuruma_chestplate":1,"jujutsucraft:clothes_nanami_chestplate":1,"minecraft:spruce_planks":13,"jujutsucraft:clothes_miguel_chestplate":2,"jujutsucraft:clothes_nanami_leggings":1,"minecraft:oak_planks":2,"minecraft:oak_sapling":4,"minecraft:mutton":2,"jujutsucraft:clothes_miguel_leggings":2,"minecraft:white_wool":1,"minecraft:oak_leaves":1},"minecraft:killed":{"minecraft:sheep":1,"minecraft:villager":1},"minecraft:mined":{"minecraft:spruce_planks":13,"minecraft:spruce_log":5,"minecraft:grass":1,"minecraft:stone_button":1,"minecraft:grass_block":1,"minecraft:oak_log":35,"minecraft:spruce_leaves":9,"minecraft:oak_planks":2,"minecraft:oak_leaves":11},"minecraft:custom":{"minecraft:time_since_rest":50867,"minecraft:sprint_one_cm":152867,"minecraft:damage_taken":1187,"minecraft:walk_one_cm":324314,"minecraft:mob_kills":2,"minecraft:drop":24,"minecraft:fly_one_cm":192189,"minecraft:open_barrel":23,"minecraft:open_chest":85,"minecraft:crouch_one_cm":1292,"minecraft:play_time":50867,"minecraft:sneak_time":91,"minecraft:jump":605,"minecraft:leave_game":3,"minecraft:time_since_death":50867,"minecraft:walk_on_water_one_cm":2327,"minecraft:total_world_time":50867,"minecraft:fall_one_cm":19834}},"DataVersion":3465}