{"stats":{"minecraft:picked_up":{"jujutsucraftaddon:clan_changer":2,"jujutsucraftaddon:cellphone":1,"jujutsucraftaddon:race_changer":1},"minecraft:dropped":{"jujutsucraftaddon:clan_changer":2,"jujutsucraftaddon:cellphone":2,"jujutsucraft:uniform_normal_leggings":1,"jujutsucraft:uniform_normal_boots":1,"jujutsucraftaddon:random_ct_changer":1,"jujutsucraft:uniform_normal_chestplate":1,"jujutsucraft:cursed_technique_changer":1},"minecraft:custom":{"minecraft:time_since_rest":17554,"minecraft:crouch_one_cm":683,"minecraft:play_time":17554,"minecraft:sprint_one_cm":19033,"minecraft:damage_taken":170,"minecraft:walk_one_cm":27013,"minecraft:sneak_time":182,"minecraft:walk_under_water_one_cm":10649,"minecraft:drop":9,"minecraft:jump":135,"minecraft:time_since_death":17554,"minecraft:walk_on_water_one_cm":10911,"minecraft:total_world_time":17554,"minecraft:swim_one_cm":12522,"minecraft:fall_one_cm":4579,"minecraft:fly_one_cm":15893},"minecraft:used":{"jujutsucraft:uniform_normal_leggings":1,"jujutsucraft:uniform_normal_boots":1,"jujutsucraft:uniform_normal_chestplate":1}},"DataVersion":3465}