{"stats":{"minecraft:dropped":{"jujutsucraft:clothes_miguel_leggings":2,"jujutsucraft:kurourushi_body_chestplate":1,"jujutsucraft:clothes_nanami_leggings":1,"jujutsucraft:uniform_normal_leggings":1,"jujutsucraft:kurourushi_body_helmet":3,"jujutsucraft:fester_life_blade":3,"jujutsucraft:clothes_nanami_chestplate":1,"jujutsucraftaddon:random_ct_changer":1,"jujutsucraft:kurourushi_body_leggings":1,"jujutsucraft:uniform_normal_chestplate":1,"jujutsucraft:clothes_miguel_chestplate":2},"minecraft:picked_up":{"jujutsucraft:uniform_higuruma_leggings":1,"jujutsucraft:uniform_higuruma_chestplate":1,"jujutsucraft:clothes_nanami_chestplate":1,"jujutsucraft:kurourushi_body_helmet":2,"jujutsucraft:clothes_nanami_leggings":1,"jujutsucraft:clothes_miguel_chestplate":2,"jujutsucraft:fester_life_blade":3,"jujutsucraft:clothes_miguel_leggings":2},"minecraft:mined":{"minecraft:oak_leaves":1},"minecraft:custom":{"minecraft:time_since_rest":14867,"minecraft:crouch_one_cm":1292,"minecraft:play_time":14867,"minecraft:sprint_one_cm":4623,"minecraft:damage_taken":34,"minecraft:walk_one_cm":49023,"minecraft:sneak_time":91,"minecraft:drop":17,"minecraft:jump":29,"minecraft:leave_game":3,"minecraft:walk_on_water_one_cm":137,"minecraft:time_since_death":14867,"minecraft:total_world_time":14867,"minecraft:fall_one_cm":1489,"minecraft:fly_one_cm":2065}},"DataVersion":3465}