{"stats":{"minecraft:crafted":{"minecraft:oak_planks":104,"minecraft:wooden_shovel":6,"minecraft:crafting_table":1,"minecraft:spruce_planks":20,"minecraft:stick":12,"minecraft:oak_button":2},"minecraft:used":{"minecraft:oak_planks":68,"minecraft:spruce_planks":15,"minecraft:wooden_shovel":224,"minecraft:torch":1,"minecraft:soul_sand":19,"minecraft:dirt":102,"minecraft:crafting_table":2,"minecraft:oak_log":109,"minecraft:lantern":1,"minecraft:oak_button":2,"jujutsucraft:naginata":6,"jujutsucraft:fester_life_blade":650,"minecraft:cobblestone":49,"minecraft:oak_sapling":1},"minecraft:killed":{"minecraft:sheep":1,"minecraft:villager":1,"minecraft:cow":1},"minecraft:dropped":{"minecraft:soul_sand":4,"minecraft:wheat_seeds":4,"jujutsucraft:kurourushi_body_chestplate":1,"jujutsucraft:uniform_normal_leggings":1,"jujutsucraftaddon:random_ct_changer":1,"minecraft:cobblestone":109,"minecraft:rotten_flesh":3,"minecraft:oak_planks":21,"jujutsucraft:naginata":3,"jujutsucraft:clothes_nanami_leggings":1,"jujutsucraft:uniform_normal_chestplate":1,"minecraft:stick":3,"minecraft:dirt":337,"jujutsucraft:clothes_miguel_leggings":2,"minecraft:diorite":11,"minecraft:stone_button":1,"minecraft:spruce_planks":11,"minecraft:mutton":2,"jujutsucraft:kurourushi_body_leggings":1,"minecraft:oak_sapling":3,"jujutsucraft:clothes_miguel_chestplate":2,"minecraft:snowball":15,"minecraft:wooden_shovel":3,"jujutsucraft:inverted_spear_of_heaven":1,"jujutsucraft:kurourushi_body_helmet":3,"jujutsucraft:fester_life_blade":4,"jujutsucraft:clothes_nanami_chestplate":1,"minecraft:oak_leaves":1,"minecraft:white_wool":1,"minecraft:spruce_sapling":2,"minecraft:bone":8},"minecraft:picked_up":{"minecraft:crafting_table":2,"minecraft:leather":1,"minecraft:oak_log":135,"jujutsucraft:fester_life_blade":4,"minecraft:dirt":439,"minecraft:lantern":1,"jujutsucraft:uniform_higuruma_chestplate":1,"minecraft:bone":8,"minecraft:wheat_seeds":5,"minecraft:spruce_planks":14,"minecraft:beef":2,"minecraft:chest":2,"jujutsucraft:clothes_miguel_leggings":2,"minecraft:oak_planks":3,"minecraft:soul_sand":23,"minecraft:stick":3,"jujutsucraft:uniform_higuruma_leggings":1,"jujutsucraft:kurourushi_body_helmet":2,"minecraft:torch":129,"minecraft:soul_torch":64,"minecraft:stone_button":1,"minecraft:spruce_sapling":2,"minecraft:diorite":11,"minecraft:spruce_log":5,"jujutsucraft:naginata":2,"minecraft:rotten_flesh":3,"jujutsucraft:clothes_nanami_chestplate":1,"jujutsucraft:clothes_nanami_leggings":1,"jujutsucraft:clothes_miguel_chestplate":2,"minecraft:oak_sapling":7,"minecraft:mutton":2,"minecraft:oak_leaves":1,"minecraft:snowball":15,"minecraft:white_wool":1,"minecraft:cobblestone":238},"minecraft:broken":{"minecraft:wooden_shovel":3},"minecraft:mined":{"minecraft:spruce_planks":13,"minecraft:soul_sand":23,"minecraft:snow_block":1,"minecraft:crafting_table":2,"minecraft:torch":1,"minecraft:stone_button":1,"minecraft:grass_block":182,"minecraft:chest":2,"minecraft:tall_grass":3,"minecraft:cobblestone":1,"minecraft:spruce_leaves":9,"minecraft:oak_planks":3,"minecraft:sculk":10,"minecraft:diorite":13,"minecraft:snow":1,"minecraft:spruce_log":5,"minecraft:grass":6,"minecraft:oak_log":136,"minecraft:coal_ore":1,"minecraft:dirt":212,"minecraft:stone":276,"minecraft:oak_leaves":41},"minecraft:custom":{"minecraft:mob_kills":3,"minecraft:interact_with_crafting_table":3,"minecraft:open_barrel":38,"minecraft:leave_game":5,"minecraft:time_since_death":120283,"minecraft:climb_one_cm":849,"minecraft:time_since_rest":120283,"minecraft:sprint_one_cm":250384,"minecraft:damage_taken":1878,"minecraft:walk_one_cm":681341,"minecraft:drop":66,"minecraft:fly_one_cm":452257,"minecraft:open_chest":86,"minecraft:crouch_one_cm":1377,"minecraft:play_time":120283,"minecraft:sneak_time":123,"minecraft:walk_under_water_one_cm":2577,"minecraft:jump":1183,"minecraft:walk_on_water_one_cm":11713,"minecraft:total_world_time":120283,"minecraft:fall_one_cm":45745}},"DataVersion":3465}