{"stats":{"minecraft:crafted":{"minecraft:oak_planks":96,"minecraft:wooden_shovel":1,"minecraft:crafting_table":1,"minecraft:spruce_planks":20,"minecraft:stick":4,"minecraft:oak_button":2},"minecraft:used":{"minecraft:oak_planks":3,"minecraft:spruce_planks":15,"minecraft:wooden_shovel":36,"minecraft:torch":1,"minecraft:soul_sand":17,"minecraft:crafting_table":1,"minecraft:lantern":1,"minecraft:oak_button":2,"jujutsucraft:naginata":1,"jujutsucraft:fester_life_blade":72,"minecraft:oak_sapling":1},"minecraft:killed":{"minecraft:sheep":1,"minecraft:villager":1},"minecraft:picked_up":{"minecraft:oak_log":34,"jujutsucraft:fester_life_blade":4,"minecraft:dirt":18,"minecraft:lantern":1,"jujutsucraft:uniform_higuruma_chestplate":1,"minecraft:bone":8,"minecraft:spruce_planks":13,"minecraft:chest":2,"jujutsucraft:clothes_miguel_leggings":2,"minecraft:oak_planks":3,"minecraft:soul_sand":23,"minecraft:stick":3,"jujutsucraft:uniform_higuruma_leggings":1,"jujutsucraft:kurourushi_body_helmet":2,"minecraft:torch":129,"minecraft:spruce_sapling":2,"minecraft:stone_button":1,"minecraft:soul_torch":64,"minecraft:spruce_log":5,"minecraft:rotten_flesh":3,"jujutsucraft:clothes_nanami_chestplate":1,"jujutsucraft:clothes_nanami_leggings":1,"jujutsucraft:clothes_miguel_chestplate":2,"minecraft:oak_sapling":4,"minecraft:mutton":2,"minecraft:oak_leaves":1,"minecraft:white_wool":1},"minecraft:dropped":{"minecraft:soul_sand":3,"jujutsucraft:kurourushi_body_chestplate":1,"jujutsucraft:uniform_normal_leggings":1,"jujutsucraftaddon:random_ct_changer":1,"minecraft:rotten_flesh":3,"jujutsucraft:clothes_nanami_leggings":1,"jujutsucraft:uniform_normal_chestplate":1,"minecraft:stick":3,"jujutsucraft:clothes_miguel_leggings":2,"minecraft:stone_button":1,"jujutsucraft:kurourushi_body_leggings":1,"minecraft:oak_sapling":2,"jujutsucraft:clothes_miguel_chestplate":2,"jujutsucraft:inverted_spear_of_heaven":1,"jujutsucraft:kurourushi_body_helmet":3,"jujutsucraft:fester_life_blade":4,"jujutsucraft:clothes_nanami_chestplate":1,"minecraft:oak_leaves":1,"minecraft:spruce_sapling":2,"minecraft:bone":8},"minecraft:mined":{"minecraft:spruce_planks":13,"minecraft:soul_sand":23,"minecraft:torch":1,"minecraft:stone_button":1,"minecraft:grass_block":9,"minecraft:chest":2,"minecraft:spruce_leaves":9,"minecraft:oak_planks":3,"minecraft:sculk":10,"minecraft:spruce_log":5,"minecraft:grass":1,"minecraft:oak_log":35,"minecraft:dirt":10,"minecraft:oak_leaves":11},"minecraft:custom":{"minecraft:mob_kills":2,"minecraft:interact_with_crafting_table":1,"minecraft:open_barrel":38,"minecraft:leave_game":3,"minecraft:time_since_death":62867,"minecraft:climb_one_cm":849,"minecraft:time_since_rest":62867,"minecraft:sprint_one_cm":182275,"minecraft:damage_taken":1317,"minecraft:walk_one_cm":400531,"minecraft:drop":28,"minecraft:fly_one_cm":243544,"minecraft:open_chest":86,"minecraft:crouch_one_cm":1292,"minecraft:play_time":62867,"minecraft:sneak_time":91,"minecraft:jump":709,"minecraft:walk_on_water_one_cm":3772,"minecraft:total_world_time":62867,"minecraft:fall_one_cm":24217}},"DataVersion":3465}