{"stats":{"minecraft:crafted":{"minecraft:oak_planks":124,"minecraft:wooden_shovel":6,"minecraft:crafting_table":1,"minecraft:spruce_planks":20,"minecraft:stick":12,"minecraft:oak_button":2},"minecraft:used":{"minecraft:oak_planks":68,"minecraft:spruce_planks":15,"minecraft:wooden_shovel":224,"minecraft:torch":1,"minecraft:soul_sand":19,"minecraft:dirt":102,"minecraft:crafting_table":2,"minecraft:oak_log":182,"minecraft:lantern":1,"minecraft:oak_button":2,"jujutsucraft:naginata":8,"jujutsucraft:fester_life_blade":755,"minecraft:cobblestone":49,"minecraft:oak_sapling":1},"minecraft:killed":{"minecraft:sheep":2,"jujutsucraft:cursed_spirit_grade_310":1,"jujutsucraft:cursed_spirit_grade_34":1,"minecraft:villager":1,"minecraft:cow":1},"minecraft:dropped":{"minecraft:soul_sand":4,"minecraft:wheat_seeds":5,"jujutsucraft:kurourushi_body_chestplate":1,"jujutsucraft:uniform_normal_leggings":1,"jujutsucraftaddon:random_ct_changer":1,"minecraft:tall_grass":1,"minecraft:cobblestone":110,"minecraft:rotten_flesh":3,"minecraft:oak_planks":22,"jujutsucraft:naginata":3,"jujutsucraft:clothes_nanami_leggings":1,"jujutsucraft:uniform_normal_chestplate":1,"minecraft:stick":3,"jujutsucraft:slaughter_demon":2,"minecraft:dirt":337,"jujutsucraft:clothes_miguel_leggings":2,"minecraft:diorite":11,"minecraft:stone_button":1,"minecraft:spruce_planks":11,"minecraft:mutton":3,"jujutsucraft:kurourushi_body_leggings":1,"minecraft:oak_sapling":3,"jujutsucraft:clothes_miguel_chestplate":2,"minecraft:snowball":15,"minecraft:wooden_shovel":3,"jujutsucraft:hammer":2,"jujutsucraft:inverted_spear_of_heaven":1,"jujutsucraft:kurourushi_body_helmet":3,"jujutsucraft:fester_life_blade":5,"jujutsucraft:clothes_nanami_chestplate":1,"minecraft:oak_leaves":1,"minecraft:white_wool":1,"minecraft:spruce_sapling":2,"minecraft:bone":8},"minecraft:picked_up":{"minecraft:crafting_table":2,"jujutsucraft:slaughter_demon":2,"minecraft:leather":1,"jujutsucraft:cursed_technique_changer":2,"minecraft:oak_log":213,"jujutsucraft:fester_life_blade":5,"jujutsucraftaddon:race_changer":1,"minecraft:dirt":439,"minecraft:lantern":1,"jujutsucraft:uniform_higuruma_chestplate":1,"minecraft:bone":8,"minecraft:wheat_seeds":7,"minecraft:spruce_planks":14,"minecraft:beef":2,"minecraft:chest":2,"jujutsucraft:clothes_miguel_leggings":2,"minecraft:oak_planks":5,"minecraft:soul_sand":23,"minecraft:stick":3,"jujutsucraft:uniform_higuruma_leggings":1,"jujutsucraft:kurourushi_body_helmet":2,"minecraft:torch":129,"jujutsucraft:gavel":1,"minecraft:soul_torch":64,"minecraft:stone_button":1,"minecraft:spruce_sapling":2,"minecraft:diorite":11,"minecraft:spruce_log":5,"jujutsucraft:clothes_fushiguro_toji_leggings":1,"jujutsucraft:clothes_fushiguro_toji_chestplate":1,"jujutsucraft:naginata":2,"minecraft:rotten_flesh":3,"jujutsucraft:clothes_nanami_chestplate":1,"jujutsucraft:hammer":2,"jujutsucraft:clothes_nanami_leggings":1,"jujutsucraft:clothes_miguel_chestplate":2,"minecraft:oak_sapling":9,"minecraft:mutton":3,"minecraft:oak_leaves":1,"minecraft:snowball":15,"minecraft:white_wool":2,"minecraft:cobblestone":238},"minecraft:broken":{"minecraft:wooden_shovel":3},"minecraft:mined":{"minecraft:spruce_planks":13,"minecraft:soul_sand":23,"minecraft:snow_block":1,"minecraft:crafting_table":2,"minecraft:torch":1,"minecraft:stone_button":1,"minecraft:grass_block":182,"minecraft:chest":2,"minecraft:tall_grass":3,"minecraft:cobblestone":1,"minecraft:spruce_leaves":9,"minecraft:oak_planks":5,"minecraft:sculk":10,"minecraft:diorite":13,"minecraft:snow":1,"minecraft:spruce_log":5,"minecraft:grass":9,"minecraft:oak_log":215,"minecraft:coal_ore":1,"minecraft:dirt":212,"minecraft:stone":276,"minecraft:spruce_slab":2,"minecraft:oak_leaves":69},"minecraft:killed_by":{"minecraft:player":2},"minecraft:custom":{"minecraft:mob_kills":7,"minecraft:interact_with_crafting_table":3,"minecraft:open_barrel":39,"minecraft:interact_with_loom":1,"minecraft:damage_dealt_resisted":122,"minecraft:leave_game":6,"minecraft:time_since_death":5918,"minecraft:climb_one_cm":881,"minecraft:time_since_rest":5957,"minecraft:sprint_one_cm":428819,"minecraft:damage_taken":5003,"minecraft:walk_one_cm":812816,"minecraft:drop":76,"minecraft:damage_dealt":38,"minecraft:swim_one_cm":3384,"minecraft:fly_one_cm":708114,"minecraft:open_chest":110,"minecraft:crouch_one_cm":1846,"minecraft:play_time":218028,"minecraft:deaths":2,"minecraft:sneak_time":196,"minecraft:walk_under_water_one_cm":4661,"minecraft:jump":1965,"minecraft:walk_on_water_one_cm":14624,"minecraft:total_world_time":218028,"minecraft:fall_one_cm":71728}},"DataVersion":3465}