{"stats":{"minecraft:killed_by":{"minecraft:player":1},"minecraft:picked_up":{"minecraft:birch_log":16,"jujutsucraftaddon:race_changer":1,"minecraft:stripped_birch_log":1,"jujutsucraftaddon:clan_changer":2,"jujutsucraftaddon:cellphone":2,"minecraft:oak_sapling":2,"minecraft:mutton":4,"minecraft:cobblestone":2},"minecraft:crafted":{"minecraft:wooden_sword":1,"minecraft:crafting_table":1,"minecraft:stick":8,"minecraft:wooden_pickaxe":1,"minecraft:wooden_axe":1,"minecraft:birch_planks":60},"minecraft:mined":{"minecraft:birch_log":14,"minecraft:stripped_birch_log":1,"minecraft:birch_leaves":1,"minecraft:grass":1},"minecraft:dropped":{"jujutsucraft:uniform_normal_leggings":1,"minecraft:mutton":2,"minecraft:oak_sapling":2,"jujutsucraftaddon:random_ct_changer":1,"jujutsucraft:cursed_technique_changer":1,"jujutsucraftaddon:clan_changer":2,"minecraft:cobblestone":2,"jujutsucraftaddon:cellphone":2,"jujutsucraft:uniform_normal_boots":1,"minecraft:birch_log":2,"jujutsucraft:uniform_normal_chestplate":1},"minecraft:custom":{"minecraft:time_since_rest":3783,"minecraft:sprint_one_cm":62689,"minecraft:damage_taken":578,"minecraft:walk_one_cm":70208,"minecraft:drop":17,"minecraft:damage_dealt":2,"minecraft:swim_one_cm":13507,"minecraft:interact_with_crafting_table":1,"minecraft:fly_one_cm":91023,"minecraft:crouch_one_cm":945,"minecraft:play_time":41490,"minecraft:deaths":1,"minecraft:sneak_time":233,"minecraft:walk_under_water_one_cm":10883,"minecraft:damage_dealt_resisted":6,"minecraft:jump":511,"minecraft:leave_game":2,"minecraft:time_since_death":3744,"minecraft:walk_on_water_one_cm":11169,"minecraft:total_world_time":41490,"minecraft:fall_one_cm":15668},"minecraft:used":{"minecraft:wooden_axe":10,"jujutsucraft:uniform_normal_boots":1,"minecraft:wooden_sword":1,"minecraft:crafting_table":1,"jujutsucraft:uniform_normal_leggings":1,"jujutsucraft:uniform_normal_chestplate":1}},"DataVersion":3465}