{"stats":{"minecraft:crafted":{"minecraft:oak_planks":48,"minecraft:crafting_table":1,"minecraft:spruce_planks":20},"minecraft:used":{"minecraft:lantern":1,"minecraft:spruce_planks":14,"jujutsucraft:fester_life_blade":38,"minecraft:oak_sapling":1},"minecraft:killed":{"minecraft:villager":1},"minecraft:dropped":{"jujutsucraft:clothes_miguel_leggings":2,"jujutsucraft:kurourushi_body_chestplate":1,"jujutsucraft:uniform_normal_leggings":1,"jujutsucraft:kurourushi_body_leggings":1,"jujutsucraftaddon:random_ct_changer":1,"minecraft:oak_sapling":2,"jujutsucraft:clothes_miguel_chestplate":2,"jujutsucraft:clothes_nanami_leggings":1,"jujutsucraft:kurourushi_body_helmet":3,"jujutsucraft:fester_life_blade":4,"minecraft:oak_leaves":1,"jujutsucraft:clothes_nanami_chestplate":1,"jujutsucraft:uniform_normal_chestplate":1,"minecraft:spruce_sapling":2,"minecraft:stick":3},"minecraft:picked_up":{"minecraft:stick":3,"jujutsucraft:uniform_higuruma_leggings":1,"jujutsucraft:kurourushi_body_helmet":2,"minecraft:oak_log":12,"minecraft:spruce_sapling":2,"minecraft:spruce_log":5,"jujutsucraft:fester_life_blade":4,"minecraft:lantern":1,"jujutsucraft:uniform_higuruma_chestplate":1,"jujutsucraft:clothes_nanami_chestplate":1,"minecraft:spruce_planks":12,"jujutsucraft:clothes_miguel_chestplate":2,"jujutsucraft:clothes_nanami_leggings":1,"minecraft:oak_sapling":4,"jujutsucraft:clothes_miguel_leggings":2,"minecraft:oak_leaves":1},"minecraft:mined":{"minecraft:spruce_planks":12,"minecraft:spruce_log":5,"minecraft:oak_log":12,"minecraft:spruce_leaves":9,"minecraft:oak_leaves":6},"minecraft:custom":{"minecraft:time_since_rest":38867,"minecraft:sprint_one_cm":77254,"minecraft:damage_taken":1067,"minecraft:walk_one_cm":259141,"minecraft:mob_kills":1,"minecraft:drop":23,"minecraft:fly_one_cm":85692,"minecraft:open_barrel":23,"minecraft:open_chest":81,"minecraft:crouch_one_cm":1292,"minecraft:play_time":38867,"minecraft:sneak_time":91,"minecraft:jump":355,"minecraft:leave_game":3,"minecraft:time_since_death":38867,"minecraft:walk_on_water_one_cm":2155,"minecraft:total_world_time":38867,"minecraft:fall_one_cm":11808}},"DataVersion":3465}