{"stats":{"minecraft:crafted":{"minecraft:oak_planks":96,"minecraft:wooden_shovel":6,"minecraft:crafting_table":1,"minecraft:spruce_planks":20,"minecraft:stick":12,"minecraft:oak_button":2},"minecraft:used":{"minecraft:oak_planks":68,"minecraft:spruce_planks":15,"minecraft:wooden_shovel":224,"minecraft:torch":1,"minecraft:dirt":76,"minecraft:soul_sand":19,"minecraft:crafting_table":2,"minecraft:oak_log":2,"minecraft:lantern":1,"minecraft:oak_button":2,"jujutsucraft:naginata":1,"jujutsucraft:fester_life_blade":498,"minecraft:cobblestone":49,"minecraft:oak_sapling":1},"minecraft:killed":{"minecraft:sheep":1,"minecraft:villager":1},"minecraft:dropped":{"minecraft:soul_sand":4,"jujutsucraft:kurourushi_body_chestplate":1,"jujutsucraft:uniform_normal_leggings":1,"jujutsucraftaddon:random_ct_changer":1,"minecraft:cobblestone":68,"minecraft:rotten_flesh":3,"minecraft:oak_planks":21,"jujutsucraft:clothes_nanami_leggings":1,"jujutsucraft:uniform_normal_chestplate":1,"minecraft:stick":3,"minecraft:dirt":337,"jujutsucraft:clothes_miguel_leggings":2,"minecraft:stone_button":1,"minecraft:spruce_planks":11,"jujutsucraft:kurourushi_body_leggings":1,"minecraft:oak_sapling":2,"jujutsucraft:clothes_miguel_chestplate":2,"jujutsucraft:inverted_spear_of_heaven":1,"jujutsucraft:kurourushi_body_helmet":3,"jujutsucraft:fester_life_blade":4,"jujutsucraft:clothes_nanami_chestplate":1,"minecraft:oak_leaves":1,"minecraft:spruce_sapling":2,"minecraft:bone":8},"minecraft:picked_up":{"minecraft:crafting_table":2,"minecraft:oak_log":38,"jujutsucraft:fester_life_blade":4,"minecraft:dirt":413,"minecraft:lantern":1,"jujutsucraft:uniform_higuruma_chestplate":1,"minecraft:bone":8,"minecraft:wheat_seeds":4,"minecraft:spruce_planks":14,"minecraft:chest":2,"jujutsucraft:clothes_miguel_leggings":2,"minecraft:oak_planks":3,"minecraft:soul_sand":23,"minecraft:stick":3,"jujutsucraft:uniform_higuruma_leggings":1,"jujutsucraft:kurourushi_body_helmet":2,"minecraft:torch":129,"minecraft:spruce_sapling":2,"minecraft:stone_button":1,"minecraft:soul_torch":64,"minecraft:diorite":11,"minecraft:spruce_log":5,"minecraft:rotten_flesh":3,"jujutsucraft:clothes_nanami_chestplate":1,"jujutsucraft:clothes_nanami_leggings":1,"jujutsucraft:clothes_miguel_chestplate":2,"minecraft:oak_sapling":4,"minecraft:mutton":2,"minecraft:oak_leaves":1,"minecraft:white_wool":1,"minecraft:cobblestone":238},"minecraft:broken":{"minecraft:wooden_shovel":3},"minecraft:mined":{"minecraft:spruce_planks":13,"minecraft:soul_sand":23,"minecraft:crafting_table":2,"minecraft:torch":1,"minecraft:stone_button":1,"minecraft:grass_block":161,"minecraft:chest":2,"minecraft:cobblestone":1,"minecraft:spruce_leaves":9,"minecraft:oak_planks":3,"minecraft:sculk":10,"minecraft:diorite":13,"minecraft:spruce_log":5,"minecraft:grass":3,"minecraft:coal_ore":1,"minecraft:oak_log":39,"minecraft:dirt":207,"minecraft:stone":276,"minecraft:oak_leaves":15},"minecraft:custom":{"minecraft:mob_kills":2,"minecraft:interact_with_crafting_table":3,"minecraft:open_barrel":38,"minecraft:leave_game":3,"minecraft:time_since_death":92867,"minecraft:climb_one_cm":849,"minecraft:time_since_rest":92867,"minecraft:sprint_one_cm":200775,"minecraft:damage_taken":1387,"minecraft:walk_one_cm":567534,"minecraft:drop":42,"minecraft:fly_one_cm":297694,"minecraft:open_chest":86,"minecraft:crouch_one_cm":1292,"minecraft:play_time":92867,"minecraft:sneak_time":91,"minecraft:jump":886,"minecraft:walk_on_water_one_cm":7421,"minecraft:total_world_time":92867,"minecraft:fall_one_cm":29328}},"DataVersion":3465}