{"stats":{"minecraft:picked_up":{"jujutsucraftaddon:clan_changer":1},"minecraft:dropped":{"jujutsucraftaddon:clan_changer":1},"minecraft:custom":{"minecraft:jump":54,"minecraft:time_since_rest":5554,"minecraft:crouch_one_cm":426,"minecraft:walk_on_water_one_cm":6474,"minecraft:sprint_one_cm":7641,"minecraft:play_time":5554,"minecraft:damage_taken":108,"minecraft:time_since_death":5554,"minecraft:walk_one_cm":13949,"minecraft:sneak_time":89,"minecraft:total_world_time":5554,"minecraft:walk_under_water_one_cm":2207,"minecraft:drop":1,"minecraft:swim_one_cm":4588,"minecraft:fall_one_cm":2446,"minecraft:fly_one_cm":4637},"minecraft:used":{"jujutsucraft:uniform_normal_boots":1,"jujutsucraft:uniform_normal_leggings":1,"jujutsucraft:uniform_normal_chestplate":1}},"DataVersion":3465}