{
  "jujutsucraft:jujutsu_craft_skills": {
    "criteria": {
      "jujutsu_craft_skills_0": "2024-11-13 13:52:59 -0300"
    },
    "done": true
  },
  "jujutsucraft:skill_divine_dog_totality": {
    "criteria": {
      "skill_divine_dog_totality_0": "2024-11-13 13:52:59 -0300"
    },
    "done": true
  },
  "minecraft:recipes/decorations/crafting_table": {
    "criteria": {
      "unlock_right_away": "2024-11-13 13:52:59 -0300"
    },
    "done": true
  },
  "jujutsu_kaisen_gt_2:jujutsu_craft_gt_skill": {
    "criteria": {
      "jujutsu_craft_gt_skill_0": "2024-11-13 13:52:59 -0300"
    },
    "done": true
  },
  "jujutsucraft:battle_advancements": {
    "criteria": {
      "battle_advancements_0": "2024-11-13 13:52:59 -0300"
    },
    "done": true
  },
  "jujutsu_kaisen_gt_2:regular_sorcerers": {
    "criteria": {
      "regular_sorcerers_0": "2024-11-13 13:52:59 -0300"
    },
    "done": true
  },
  "jujutsucraft:update": {
    "criteria": {
      "update_0": "2024-11-13 13:52:59 -0300"
    },
    "done": true
  },
  "jujutsucraftaddon:welcome_to_jujutsu_plus": {
    "criteria": {
      "welcome_to_jujutsu_plus_0": "2024-11-13 13:52:59 -0300"
    },
    "done": true
  },
  "jujutsu_kaisen_gt_2:jujutsu_craft_gt": {
    "criteria": {
      "jujutsu_craft_gt_0": "2024-11-13 13:52:59 -0300"
    },
    "done": true
  },
  "jujutsucraft:skill_merged_beast_agito": {
    "criteria": {
      "skill_merged_beast_agito_0": "2024-11-13 13:52:59 -0300"
    },
    "done": true
  },
  "jujutsucraft:start_jujutsu_craft": {
    "criteria": {
      "start_jujutsu_craft_0": "2024-11-13 13:52:59 -0300"
    },
    "done": true
  },
  "minecraft:adventure/adventuring_time": {
    "criteria": {
      "minecraft:taiga": "2024-11-13 13:53:25 -0300",
      "minecraft:frozen_river": "2024-11-13 13:53:43 -0300",
      "minecraft:cherry_grove": "2024-11-13 13:54:59 -0300",
      "minecraft:sunflower_plains": "2024-11-13 13:54:55 -0300",
      "minecraft:river": "2024-11-13 13:54:12 -0300",
      "minecraft:snowy_plains": "2024-11-13 13:53:42 -0300",
      "minecraft:forest": "2024-11-13 13:53:11 -0300",
      "minecraft:flower_forest": "2024-11-13 13:54:54 -0300",
      "minecraft:meadow": "2024-11-13 13:53:51 -0300",
      "minecraft:savanna": "2024-11-13 13:56:17 -0300",
      "minecraft:plains": "2024-11-13 13:53:00 -0300"
    },
    "done": false
  },
  "DataVersion": 3465
}